,course,freq,course_find
2298,홍정모의 따라하며 배우는,100,따라하며배우는
324,nodebird sns 만들기,60,nodebirdsns만들기
1311,스프링 데이터 jpa,60,스프링데이터jpa
998,리액트로 nodebird sns,49,리액트로nodebirdsns
1053,머신러닝 완벽 가이드,49,머신러닝완벽가이드
999,리액트로 nodebird sns 만들기,49,리액트로nodebirdsns만들기
2070,파이썬 머신러닝 완벽,49,파이썬머신러닝완벽
2071,파이썬 머신러닝 완벽 가이드,48,파이썬머신러닝완벽가이드
2201,프로그래밍과 자바스크립트 es6,48,프로그래밍과자바스크립트es6
2250,함수형 프로그래밍과 자바스크립트,47,함수형프로그래밍과자바스크립트
2251,함수형 프로그래밍과 자바스크립트 es6,47,함수형프로그래밍과자바스크립트es6
11,2020년 공부 목표,47,2020년공부목표
1325,스프링 부트와 jpa,40,스프링부트와jpa
715,관심있는 인프런 강의명,39,관심있는인프런강의명
1415,실전 스프링 부트와 jpa,39,실전스프링부트와jpa
1414,실전 스프링 부트와,39,실전스프링부트와
1204,부트 개념과 활용,36,부트개념과활용
1321,스프링 부트 개념과,35,스프링부트개념과
2150,표준 jpa 프로그래밍,34,표준jpa프로그래밍
344,orm 표준 jpa 프로그래밍,34,orm표준jpa프로그래밍
1322,스프링 부트 개념과 활용,34,스프링부트개념과활용
343,orm 표준 jpa,34,orm표준jpa
1633,위한 알고리즘 입문 with,33,위한알고리즘입문with
1778,자바 orm 표준,33,자바orm표준
1632,위한 알고리즘 입문,33,위한알고리즘입문
1475,알고리즘 입문 with,33,알고리즘입문with
1779,자바 orm 표준 jpa,33,자바orm표준jpa
374,rest api 개발,32,restapi개발
795,남박사의 파이썬 실전,31,남박사의파이썬실전
200,it 취업을 위한,31,it취업을위한
2086,파이썬 실전 100,31,파이썬실전100
796,남박사의 파이썬 실전 100,31,남박사의파이썬실전100
2087,파이썬 실전 100 활용,31,파이썬실전100활용
1407,실전 100 활용,31,실전100활용
1307,스프링 기반 rest,30,스프링기반rest
1736,입문 with 창의적 문제해결,30,입문with창의적문제해결
1308,스프링 기반 rest api,30,스프링기반restapi
1735,입문 with 창의적,30,입문with창의적
1634,위한 알고리즘 입문 with 창의적,30,위한알고리즘입문with
755,기반 rest api 개발,30,기반restapi개발
1476,알고리즘 입문 with 창의적,30,알고리즘입문with창의적
1955,취업을 위한 알고리즘,30,취업을위한알고리즘
754,기반 rest api,30,기반restapi
503,with 창의적 문제해결,30,with창의적문제해결
1956,취업을 위한 알고리즘 입문,30,취업을위한알고리즘입문
201,it 취업을 위한 알고리즘,30,it취업을위한알고리즘
1493,애플리케이션을 테스트하는 다양한,28,애플리케이션을테스트하는다양한
2151,표준 jpa 프로그래밍 기본편,27,표준jpa프로그래밍기본편
1797,자바 애플리케이션을 테스트하는 다양한,27,자바애플리케이션을테스트하는다양한
229,jpa 프로그래밍 기본편,27,jpa프로그래밍기본편
2016,테스트하는 다양한 방법,27,테스트하는다양한방법
1494,애플리케이션을 테스트하는 다양한 방법,27,애플리케이션을테스트하는다양한방법
345,orm 표준 jpa 프로그래밍 기본편,27,orm표준jpa프로그래밍
1796,자바 애플리케이션을 테스트하는,27,자바애플리케이션을테스트하는
1781,자바 orm 표준 jpa 프로그래밍 기본편,26,자바orm표준jpa
1798,자바 애플리케이션을 테스트하는 다양한 방법,26,자바애플리케이션을테스트하는다양한
1412,실전 스프링 데이터,25,실전스프링데이터
471,vue js 완벽 가이드,25,vuejs완벽가이드
470,vue js 완벽,25,vuejs완벽
263,js 완벽 가이드,25,js완벽가이드
1326,스프링 부트와 jpa 활용1,24,스프링부트와jpa활용1
230,jpa 활용1 애플리케이션,24,jpa활용1애플리케이션
2317,활용1 애플리케이션 개발,24,활용1애플리케이션개발
1413,실전 스프링 데이터 jpa,24,실전스프링데이터jpa
1208,부트와 jpa 활용1 애플리케이션,24,부트와jpa활용1애플리케이션
1207,부트와 jpa 활용1,24,부트와jpa활용1
231,jpa 활용1 애플리케이션 개발,24,jpa활용1애플리케이션개발
1416,실전 스프링 부트와 jpa 활용1,24,실전스프링부트와jpa
914,따라하며 배우는 c언어,22,따라하며배우는c언어
1346,스프링 프레임워크 핵심,22,스프링프레임워크핵심
1347,스프링 프레임워크 핵심 기술,21,스프링프레임워크핵심기술
1940,초심자를 위한 리액트,21,초심자를위한리액트
2171,프레임워크 핵심 기술,21,프레임워크핵심기술
1616,위한 리액트 핵심,20,위한리액트핵심
818,누구든지 하는 리액트,20,누구든지하는리액트
989,리액트 초심자를 위한,20,리액트초심자를위한
990,리액트 초심자를 위한 리액트,20,리액트초심자를위한리액트
819,누구든지 하는 리액트 초심자를,20,누구든지하는리액트초심자를
993,리액트 핵심 강좌,20,리액트핵심강좌
2232,하는 리액트 초심자를,20,하는리액트초심자를
1617,위한 리액트 핵심 강좌,20,위한리액트핵심강좌
1941,초심자를 위한 리액트 핵심,20,초심자를위한리액트핵심
2233,하는 리액트 초심자를 위한,20,하는리액트초심자를위한
991,리액트 초심자를 위한 리액트 핵심,19,리액트초심자를위한리액트
2088,파이썬 알고리즘 문제풀이,19,파이썬알고리즘문제풀이
2235,하는 리액트 초심자를 위한 리액트 핵심,19,하는리액트초심자를위한
1372,시작하기 파이썬 입문,18,시작하기파이썬입문
616,개발 퍼펙트 가이드,18,개발퍼펙트가이드
2184,프로그래밍 시작하기 파이썬,18,프로그래밍시작하기파이썬
2185,프로그래밍 시작하기 파이썬 입문,18,프로그래밍시작하기파이썬입문
747,그로스해킹 데이터와 실험을 통해,17,그로스해킹데이터와실험을통해
1274,성장하는 서비스를 만드는 방법,17,성장하는서비스를만드는방법
746,그로스해킹 데이터와 실험을,17,그로스해킹데이터와실험을
193,ios12 개발 퍼펙트 가이드,17,ios12개발퍼펙트가이드
192,ios12 개발 퍼펙트,17,ios12개발퍼펙트
2038,통해 성장하는 서비스를,17,통해성장하는서비스를
2039,통해 성장하는 서비스를 만드는,17,통해성장하는서비스를만드는
874,데이터와 실험을 통해,17,데이터와실험을통해
1429,실험을 통해 성장하는,17,실험을통해성장하는
875,데이터와 실험을 통해 성장하는,17,데이터와실험을통해성장하는
1430,실험을 통해 성장하는 서비스를,17,실험을통해성장하는서비스를
1268,서비스를 만드는 방법,17,서비스를만드는방법
315,node js 교과서,17,nodejs교과서
1273,성장하는 서비스를 만드는,17,성장하는서비스를만드는
2321,활용2 api 개발과,16,활용2api개발과
1966,코드를 조작하는 다양한,16,코드를조작하는다양한
1898,조작하는 다양한 방법,16,조작하는다양한방법
1967,코드를 조작하는 다양한 방법,16,코드를조작하는다양한방법
41,api 개발과 성능 최적화,16,api개발과성능최적화
617,개발과 성능 최적화,16,개발과성능최적화
235,jpa 활용2 api 개발과,16,jpa활용2api개발과
1221,분석 실전 프로젝트,16,분석실전프로젝트
40,api 개발과 성능,16,api개발과성능
234,jpa 활용2 api,16,jpa활용2api
2322,활용2 api 개발과 성능,16,활용2api개발과성능
260,js 시작하기 age of,15,js시작하기ageof
1367,시작하기 age of vue,15,시작하기ageofvue
1329,스프링 부트와 jpa 활용2,15,스프링부트와jpa활용2
1366,시작하기 age of,15,시작하기ageof
1070,모두를 위한 딥러닝,15,모두를위한딥러닝
467,vue js 시작하기 age,15,vuejs시작하기age
29,age of vue js,15,ageofvuejs
1211,부트와 jpa 활용2,15,부트와jpa활용2
28,age of vue,15,ageofvue
259,js 시작하기 age,15,js시작하기age
2055,파이썬 데이터시각화 분석,15,파이썬데이터시각화분석
335,of vue js,15,ofvuejs
466,vue js 시작하기,15,vuejs시작하기
1802,자바 코드를 조작하는,15,자바코드를조작하는
1418,실전 스프링 부트와 jpa 활용2,15,실전스프링부트와jpa
1803,자바 코드를 조작하는 다양한,15,자바코드를조작하는다양한
871,데이터시각화 분석 실전 프로젝트,15,데이터시각화분석실전프로젝트
870,데이터시각화 분석 실전,15,데이터시각화분석실전
2056,파이썬 데이터시각화 분석 실전,15,파이썬데이터시각화분석실전
1419,실전 스프링 부트와 jpa 활용2 api,14,실전스프링부트와jpa
1212,부트와 jpa 활용2 api,14,부트와jpa활용2api
769,기본부터 프로젝트 실습까지,14,기본부터프로젝트실습까지
1330,스프링 부트와 jpa 활용2 api,14,스프링부트와jpa활용2
2075,파이썬 머신러닝 완벽가이드,14,파이썬머신러닝완벽가이드
1753,입문 크롤링을 활용한,13,입문크롤링을활용한
938,레트로의 유니티 게임 프로그래밍,13,레트로의유니티게임프로그래밍
1809,자바 프로그래밍 입문,13,자바프로그래밍입문
937,레트로의 유니티 게임,13,레트로의유니티게임
738,교과서 기본부터 프로젝트 실습까지,13,교과서기본부터프로젝트실습까지
316,node js 교과서 기본부터,13,nodejs교과서기본부터
1754,입문 크롤링을 활용한 다양한,13,입문크롤링을활용한다양한
652,게임 프로그래밍 에센스,13,게임프로그래밍에센스
1662,유니티 게임 프로그래밍,13,유니티게임프로그래밍
254,js 교과서 기본부터 프로젝트,13,js교과서기본부터프로젝트
1663,유니티 게임 프로그래밍 에센스,13,유니티게임프로그래밍에센스
827,다양한 자동화 어플리케이션,13,다양한자동화어플리케이션
2325,활용한 다양한 자동화 어플리케이션,13,활용한다양한자동화어플리케이션
2099,파이썬 입문 크롤링을 활용한,13,파이썬입문크롤링을활용한
1999,크롤링을 활용한 다양한,13,크롤링을활용한다양한
737,교과서 기본부터 프로젝트,13,교과서기본부터프로젝트
2000,크롤링을 활용한 다양한 자동화,13,크롤링을활용한다양한자동화
2324,활용한 다양한 자동화,13,활용한다양한자동화
2098,파이썬 입문 크롤링을,13,파이썬입문크롤링을
841,대세는 쿠버네티스 기초편,13,대세는쿠버네티스기초편
253,js 교과서 기본부터,13,js교과서기본부터
136,flutter 입문 안드로이드 ios,12,flutter입문안드로이드ios
2326,활용한 다양한 자동화 어플리케이션 제작하기,12,활용한다양한자동화어플리케이션
2002,크롤링을 활용한 다양한 자동화 어플리케이션 제작하기,12,크롤링을활용한다양한자동화
2126,파이썬입문과 크롤링기초 부트캠프,12,파이썬입문과크롤링기초부트캠프
176,ios 개발을 번에,12,ios개발을번에
1750,입문 안드로이드 ios 개발을,12,입문안드로이드ios개발을
2294,홍정모의 게임 만들기,12,게임만들기
2052,파이썬 데이터 분석,12,파이썬데이터분석
1775,자동화 어플리케이션 제작하기,12,자동화어플리케이션제작하기
1749,입문 안드로이드 ios,12,입문안드로이드ios
828,다양한 자동화 어플리케이션 제작하기,12,다양한자동화어플리케이션제작하기
1461,안드로이드 ios 개발을 번에,12,안드로이드ios개발을번에
924,따라하며 배우는 홍정모의,12,따라하며배우는
1460,안드로이드 ios 개발을,12,안드로이드ios개발을
135,flutter 입문 안드로이드,12,flutter입문안드로이드
1818,자바스크립트 es6 제대로 알아보기,11,자바스크립트es6제대로알아보기
119,es6 제대로 알아보기,11,es6제대로알아보기
649,게임 만들기 연습,11,게임만들기연습
687,관심 있는 인프런,11,관심있는인프런
1354,스프링부트 개념과 활용,11,스프링부트개념과활용
1387,신입 프로그래머를 위한,11,신입프로그래머를위한
1471,알고리즘 문제풀이 코딩테스트,11,알고리즘문제풀이코딩테스트
1472,알고리즘 문제풀이 코딩테스트 대비,11,알고리즘문제풀이코딩테스트대비
1517,연습 문제 패키지,11,연습문제패키지
2253,함수형 프로그래밍과 자바스크립트 es6 응용편,11,함수형프로그래밍과자바스크립트es6
496,vue로 nodebird sns 만들기,11,vue로nodebirdsns만들기
650,게임 만들기 연습 문제,11,게임만들기연습문제
615,개발 제대로 시작하기,11,개발제대로시작하기
1030,만들기 연습 문제,11,만들기연습문제
1816,자바스크립트 es6 응용편,11,자바스크립트es6응용편
495,vue로 nodebird sns,11,vue로nodebirdsns
2089,파이썬 알고리즘 문제풀이 코딩테스트,11,파이썬알고리즘문제풀이코딩테스트
323,node js로 크롤링하기,11,nodejs로크롤링하기
1817,자바스크립트 es6 제대로,11,자바스크립트es6제대로
2203,프로그래밍과 자바스크립트 es6 응용편,11,프로그래밍과자바스크립트es6응용편
1100,문제풀이 코딩테스트 대비,11,문제풀이코딩테스트대비
1031,만들기 연습 문제 패키지,11,만들기연습문제패키지
2053,파이썬 데이터 분석 시작하기,10,파이썬데이터분석시작하기
653,게임을 만들며 배우는,10,게임을만들며배우는
688,관심 있는 인프런 강의,10,관심있는인프런강의
665,공공데이터로 파이썬 데이터 분석,10,공공데이터로파이썬데이터분석
664,공공데이터로 파이썬 데이터,10,공공데이터로파이썬데이터
1373,시작하기 파이썬 입문 inflearn,10,시작하기파이썬입문inflearn
622,개발로 배워보는 순수,10,개발로배워보는순수
1788,자바 스프링 프레임워크,10,자바스프링프레임워크
2092,파이썬 입문 inflearn,10,파이썬입문inflearn
2186,프로그래밍 시작하기 파이썬 입문 inflearn,10,프로그래밍시작하기파이썬입문
1770,있는 인프런 강의,10,있는인프런강의
1732,입문 inflearn original,10,입문inflearnoriginal
1694,인스타그램 클론 강의,10,인스타그램클론강의
1378,시작하는 머신러닝 입문,10,시작하는머신러닝입문
1388,신입 프로그래머를 위한 강좌,10,신입프로그래머를위한강좌
1403,실습 ui 개발로,10,실습ui개발로
1404,실습 ui 개발로 배워보는,10,실습ui개발로배워보는
432,ui 개발로 배워보는,10,ui개발로배워보는
863,데이터 분석 시작하기,10,데이터분석시작하기
2093,파이썬 입문 inflearn original,10,파이썬입문inflearnoriginal
2176,프로그래머를 위한 강좌,10,프로그래머를위한강좌
433,ui 개발로 배워보는 순수,10,ui개발로배워보는순수
1202,부터 시작하는 머신러닝,9,부터시작하는머신러닝
639,개발자가 되고 싶습니다,9,개발자가되고싶습니다
1598,웹앱 제작으로 배워보는,9,웹앱제작으로배워보는
654,게임을 만들며 배우는 자바스크립트,9,게임을만들며배우는자바스크립트
1159,배워보는 순수 자바스크립트,9,배워보는순수자바스크립트
1160,배워보는 순수 자바스크립트 vuejs,9,배워보는순수자바스크립트vuejs
1276,손으로 만드는 django 인스타그램,9,손으로만드는django인스타그램
1275,손으로 만드는 django,9,손으로만드는django
1280,순수 자바스크립트 vuejs 개발,9,순수자바스크립트vuejs개발
271,js 중급 강좌,9,js중급강좌
1279,순수 자바스크립트 vuejs,9,순수자바스크립트vuejs
1438,싶습니다 관심있는 인프런,9,싶습니다관심있는인프런
1203,부터 시작하는 머신러닝 입문,9,부터시작하는머신러닝입문
623,개발로 배워보는 순수 자바스크립트,9,개발로배워보는순수자바스크립트
1105,밑바닥 부터 시작하는 머신러닝,9,밑바닥부터시작하는머신러닝
102,django 인스타그램 클론,9,django인스타그램클론
475,vue js 중급,9,vuejs중급
103,django 인스타그램 클론 강의,9,django인스타그램클론강의
1104,밑바닥 부터 시작하는,9,밑바닥부터시작하는
434,ui 개발로 배워보는 순수 자바스크립트,9,ui개발로배워보는순수
1828,자바스크립트 vuejs 개발,9,자바스크립트vuejs개발
1019,만드는 django 인스타그램 클론,9,만드는django인스타그램클론
1038,만들며 배우는 자바스크립트,9,만들며배우는자바스크립트
1018,만드는 django 인스타그램,9,만드는django인스타그램
1696,인터랙티브 개발 제대로,9,인터랙티브개발제대로
947,리눅스 시스템 프로그래밍,9,리눅스시스템프로그래밍
476,vue js 중급 강좌,9,vuejs중급강좌
1406,실습 ui 개발로 배워보는 순수 자바스크립트,9,실습ui개발로배워보는
1697,인터랙티브 개발 제대로 시작하기,9,인터랙티브개발제대로시작하기
24,3dsmax 초급부터 전문가까지,8,3dsmax초급부터전문가까지
604,개발 방법론을 활용한,8,개발방법론을활용한
767,기본부터 파이썬 데이터분석,8,기본부터파이썬데이터분석
477,vue js 중급 강좌 웹앱,8,vuejs중급강좌
2329,활용한 리액트 native 개발,8,활용한리액트native개발
2328,활용한 리액트 native,8,활용한리액트native
272,js 중급 강좌 웹앱,8,js중급강좌웹앱
1155,배워보는 vue js,8,배워보는vuejs
1599,웹앱 제작으로 배워보는 vue,8,웹앱제작으로배워보는vue
768,기본부터 파이썬 데이터분석 활용까지,8,기본부터파이썬데이터분석활용까지
25,3dsmax 초급부터 전문가까지 한방에,8,3dsmax초급부터전문가까지한방에
1114,방법론을 활용한 리액트 native,8,방법론을활용한리액트native
1113,방법론을 활용한 리액트,8,방법론을활용한리액트
605,개발 방법론을 활용한 리액트,8,개발방법론을활용한리액트
1887,제작으로 배워보는 vue,8,제작으로배워보는vue
1908,중급 강좌 웹앱,8,중급강좌웹앱
302,mysql 기본부터 파이썬,8,mysql기본부터파이썬
438,ver 신입 프로그래머를,8,ver신입프로그래머를
303,mysql 기본부터 파이썬 데이터분석,8,mysql기본부터파이썬데이터분석
418,tdd 개발 방법론을 활용한,8,tdd개발방법론을활용한
1936,초급부터 전문가까지 한방에 끝내는,8,초급부터전문가까지한방에끝내는
1935,초급부터 전문가까지 한방에,8,초급부터전문가까지한방에
587,강좌 웹앱 제작으로 배워보는,8,강좌웹앱제작으로배워보는
586,강좌 웹앱 제작으로,8,강좌웹앱제작으로
1810,자바 프로그래밍 입문 강좌,8,자바프로그래밍입문강좌
2054,파이썬 데이터분석 활용까지,8,파이썬데이터분석활용까지
1893,제주코딩베이스캠프 code festival,8,제주코딩베이스캠프codefestival
2192,프로그래밍 이론과 실습,8,프로그래밍이론과실습
1869,전문가까지 한방에 끝내는,8,전문가까지한방에끝내는
976,리액트 native 개발,8,리액트native개발
2193,프로그래밍 입문 강좌,8,프로그래밍입문강좌
88,db mysql 기본부터,8,dbmysql기본부터
406,sql db mysql,8,sqldbmysql
417,tdd 개발 방법론을,8,tdd개발방법론을
89,db mysql 기본부터 파이썬,8,dbmysql기본부터파이썬
439,ver 신입 프로그래머를 위한,8,ver신입프로그래머를위한
1888,제작으로 배워보는 vue js,8,제작으로배워보는vuejs
407,sql db mysql 기본부터,8,sqldbmysql기본부터
1909,중급 강좌 웹앱 제작으로,8,중급강좌웹앱제작으로
2083,파이썬 사용자를 위한 웹개발,7,파이썬사용자를위한웹개발
1733,입문 to django,7,입문todjango
448,vue js es6 vuex,7,vuejses6vuex
929,따라하며 배우는 홍정모의 따라하며 배우는,7,따라하며배우는따라하며배우는
904,딥러닝 기본적인 머신러닝과 딥러닝,7,딥러닝기본적인머신러닝과딥러닝
2082,파이썬 사용자를 위한,7,파이썬사용자를위한
1763,입문자를 위한 클라우드와 aws,7,입문자를위한클라우드와aws
1937,초급부터 전문가까지 한방에 끝내는 3dsmax,7,초급부터전문가까지한방에끝내는
2220,프론트엔드 실전 기술,7,프론트엔드실전기술
1498,야곰의 ios 프로그래밍,7,야곰의ios프로그래밍
1526,영상처리 프로젝트 손흥민을,7,영상처리프로젝트손흥민을
1643,위한 파이썬 입문,7,위한파이썬입문
2060,파이썬 딥러닝 영상처리 프로젝트,7,파이썬딥러닝영상처리프로젝트
2059,파이썬 딥러닝 영상처리,7,파이썬딥러닝영상처리
1642,위한 클라우드와 aws,7,위한클라우드와aws
1839,자바스크립트 중고급 자바스크립트의,7,자바스크립트중고급자바스크립트의
1527,영상처리 프로젝트 손흥민을 찾아라,7,영상처리프로젝트손흥민을찾아라
964,리버싱 분석 초급과정,7,리버싱분석초급과정
381,router 프론트엔드 실전 기술,7,router프론트엔드실전기술
380,router 프론트엔드 실전,7,router프론트엔드실전
2245,한방에 끝내는 3dsmax,7,한방에끝내는3dsmax
1300,스프링 mvc 스프링,7,스프링mvc스프링
2246,한방에 끝내는 3dsmax 강좌,7,한방에끝내는3dsmax강좌
1148,배우는 홍정모의 따라하며,7,배우는따라하며
1149,배우는 홍정모의 따라하며 배우는,7,배우는따라하며배우는
1870,전문가까지 한방에 끝내는 3dsmax,7,전문가까지한방에끝내는3dsmax
447,vue js es6,7,vuejses6
1127,배우는 vuejs vuex,7,배우는vuejsvuex
1637,위한 웹개발 입문 to,7,위한웹개발입문to
1889,제작으로 배워보는 vue js es6,7,제작으로배워보는vuejs
424,to django bootstrap,7,todjangobootstrap
1128,배우는 vuejs vuex vue,7,배우는vuejsvuexvue
375,rest api 개발 스프링,7,restapi개발스프링
1074,모두를 위한 딥러닝 기본적인,7,모두를위한딥러닝기본적인
1734,입문 to django bootstrap,7,입문todjangobootstrap
588,강좌 웹앱 제작으로 배워보는 vue,7,강좌웹앱제작으로배워보는
928,따라하며 배우는 홍정모의 따라하며,7,따라하며배우는따라하며
1636,위한 웹개발 입문,7,위한웹개발입문
339,opencv 파이썬 딥러닝,7,opencv파이썬딥러닝
340,opencv 파이썬 딥러닝 영상처리,7,opencv파이썬딥러닝영상처리
1916,진짜 입문자를 위한,7,진짜입문자를위한
1917,진짜 입문자를 위한 클라우드와,7,진짜입문자를위한클라우드와
1911,중급 강좌 웹앱 제작으로 배워보는 vue,7,중급강좌웹앱제작으로
491,vuex vue router,7,vuexvuerouter
485,vuejs vuex vue router,7,vuejsvuexvuerouter
1261,사용자를 위한 웹개발,7,사용자를위한웹개발
1156,배워보는 vue js es6,7,배워보는vuejses6
907,딥러닝 영상처리 프로젝트,7,딥러닝영상처리프로젝트
479,vue router 프론트엔드,7,vuerouter프론트엔드
1262,사용자를 위한 웹개발 입문,7,사용자를위한웹개발입문
908,딥러닝 영상처리 프로젝트 손흥민을,7,딥러닝영상처리프로젝트손흥민을
480,vue router 프론트엔드 실전,7,vuerouter프론트엔드실전
903,딥러닝 기본적인 머신러닝과,7,딥러닝기본적인머신러닝과
1439,싶습니다 관심있는 인프런 강의명,7,싶습니다관심있는인프런강의명
484,vuejs vuex vue,7,vuejsvuexvue
492,vuex vue router 프론트엔드,7,vuexvuerouter프론트엔드
1762,입문자를 위한 클라우드와,7,입문자를위한클라우드와
2042,트렐로 개발로 배우는 vuejs,7,트렐로개발로배우는vuejs
1581,웹개발 입문 to,7,웹개발입문to
1582,웹개발 입문 to django,7,웹개발입문todjango
770,기본적인 머신러닝과 딥러닝,7,기본적인머신러닝과딥러닝
618,개발로 배우는 vuejs,7,개발로배우는vuejs
619,개발로 배우는 vuejs vuex,7,개발로배우는vuejsvuex
2213,프로젝트 손흥민을 찾아라,7,프로젝트손흥민을찾아라
36,api 개발 스프링,7,api개발스프링
784,끝내는 3dsmax 강좌,7,끝내는3dsmax강좌
2041,트렐로 개발로 배우는,7,트렐로개발로배우는
240,js es6 vuex,7,jses6vuex
27,3dsmax 초급부터 전문가까지 한방에 끝내는 3dsmax,7,3dsmax초급부터전문가까지한방에
1601,웹앱 제작으로 배워보는 vue js es6,7,웹앱제작으로배워보는vue
244,js vue js,7,jsvuejs
1613,위한 딥러닝 기본적인 머신러닝과,7,위한딥러닝기본적인머신러닝과
1612,위한 딥러닝 기본적인,7,위한딥러닝기본적인
859,데이터 과학을 위한,6,데이터과학을위한
1361,시스템 프로그래밍 이론과,6,시스템프로그래밍이론과
2194,프로그래밍 입문 강좌 renew,6,프로그래밍입문강좌renew
1371,시작하기 기술로 앱을 만들자,6,시작하기기술로앱을만들자
1370,시작하기 기술로 앱을,6,시작하기기술로앱을
867,데이터 분석과 차트 시각화,6,데이터분석과차트시각화
1369,시작하기 age of vue js vue,6,시작하기ageofvue
860,데이터 과학을 위한 파이썬,6,데이터과학을위한파이썬
426,top 기본 문제,6,top기본문제
1362,시스템 프로그래밍 이론과 실습,6,시스템프로그래밍이론과실습
2207,프로그래밍을 위한 알고리즘,6,프로그래밍을위한알고리즘
1939,초보부터 개발자 취업까지,6,초보부터개발자취업까지
1919,차별화된 엑셀 데이터,6,차별화된엑셀데이터
1523,영리한 프로그래밍을 위한,6,영리한프로그래밍을위한
1536,예민한 ux 디자인,6,예민한ux디자인
33,android pie app 개발,6,androidpieapp개발
336,of vue js vue,6,ofvuejsvue
1920,차별화된 엑셀 데이터 분석과,6,차별화된엑셀데이터분석과
364,renew ver 신입 프로그래머를,6,renewver신입프로그래머를
905,딥러닝 기본적인 머신러닝과 딥러닝 강좌,6,딥러닝기본적인머신러닝과딥러닝
452,vue js vue,6,vuejsvue
1216,부트캠프 쉽게 하지만,6,부트캠프쉽게하지만
1872,정말 쉽게 풀어보는,6,정말쉽게풀어보는
846,데이터 jpa 스프링,6,데이터jpa스프링
1510,엑셀 데이터 분석과,6,엑셀데이터분석과
1511,엑셀 데이터 분석과 차트,6,엑셀데이터분석과차트
2209,프로들만의 차별화된 엑셀,6,프로들만의차별화된엑셀
2208,프로그래밍을 위한 알고리즘 강좌,6,프로그래밍을위한알고리즘강좌
866,데이터 분석과 차트,6,데이터분석과차트
1882,제대로 알아보기 초급,6,제대로알아보기초급
121,es6 제대로 알아보기 초급,6,es6제대로알아보기초급
1905,중고급 자바스크립트의 근본적인 핵심,6,중고급자바스크립트의근본적인핵심
1904,중고급 자바스크립트의 근본적인,6,중고급자바스크립트의근본적인
2127,파이썬입문과 크롤링기초 부트캠프 쉽게,6,파이썬입문과크롤링기초부트캠프쉽게
948,리눅스 시스템 프로그래밍 이론과,6,리눅스시스템프로그래밍이론과
453,vue js vue js,6,vuejsvuejs
348,pie app 개발,6,pieapp개발
1237,분석과 차트 시각화,6,분석과차트시각화
363,renew ver 신입,6,renewver신입
1631,위한 알고리즘 강좌,6,위한알고리즘강좌
1854,자바스크립트의 근본적인 핵심 이해하기,6,자바스크립트의근본적인핵심이해하기
1853,자바스크립트의 근본적인 핵심,6,자바스크립트의근본적인핵심
679,과학을 위한 파이썬 입문,6,과학을위한파이썬입문
1840,자바스크립트 중고급 자바스크립트의 근본적인,6,자바스크립트중고급자바스크립트의근본적인
595,개념과 활용 스프링,6,개념과활용스프링
1789,자바 스프링 프레임워크 renew,6,자바스프링프레임워크renew
1061,머신러닝과 딥러닝 강좌,6,머신러닝과딥러닝강좌
1811,자바 프로그래밍 입문 강좌 renew,6,자바프로그래밍입문강좌
1290,쉽게 하지만 견고한,6,쉽게하지만견고한
678,과학을 위한 파이썬,6,과학을위한파이썬
779,기술로 앱을 만들자,6,기술로앱을만들자
2244,하지만 견고한 자료로,6,하지만견고한자료로
771,기본적인 머신러닝과 딥러닝 강좌,6,기본적인머신러닝과딥러닝강좌
1737,입문 강좌 renew,6,입문강좌renew
1587,웹게임을 만들며 배우는,6,웹게임을만들며배우는
756,기반 rest api 개발 스프링,6,기반restapi개발
1337,스프링 프레임워크 renew,6,스프링프레임워크renew
351,pwa 시작하기 기술로,6,pwa시작하기기술로
2210,프로들만의 차별화된 엑셀 데이터,6,프로들만의차별화된엑셀데이터
1985,코틀린 기반 안드로이드,6,코틀린기반안드로이드
352,pwa 시작하기 기술로 앱을,6,pwa시작하기기술로앱을
1524,영리한 프로그래밍을 위한 알고리즘,6,영리한프로그래밍을위한알고리즘
1820,자바스크립트 es6 제대로 알아보기 초급,6,자바스크립트es6제대로알아보기
32,android pie app,6,androidpieapp
30,age of vue js vue,6,ageofvuejs
1992,크롤링기초 부트캠프 쉽게,6,크롤링기초부트캠프쉽게
750,근본적인 핵심 이해하기,6,근본적인핵심이해하기
1312,스프링 데이터 jpa 스프링,6,스프링데이터jpa스프링
2180,프로그래밍 데이터 과학을,6,프로그래밍데이터과학을
1615,위한 딥러닝 기본적인 머신러닝과 딥러닝 강좌,6,위한딥러닝기본적인머신러닝과
1217,부트캠프 쉽게 하지만 견고한,6,부트캠프쉽게하지만견고한
1291,쉽게 하지만 견고한 자료로,6,쉽게하지만견고한자료로
2181,프로그래밍 데이터 과학을 위한,6,프로그래밍데이터과학을위한
1310,스프링 기반 rest api 개발 스프링,6,스프링기반restapi
1993,크롤링기초 부트캠프 쉽게 하지만,6,크롤링기초부트캠프쉽게하지만
2141,퍼블리셔 취업을 위해,5,퍼블리셔취업을위해
2160,풀어보는 코딩 테스트 top,5,풀어보는코딩테스트top
245,js vue js 중급,5,jsvuejs중급
2159,풀어보는 코딩 테스트,5,풀어보는코딩테스트
634,개발을 위한 swift5,5,개발을위한swift5
2142,퍼블리셔 취업을 위해 제대로,5,퍼블리셔취업을위해제대로
2163,프레임워크 renew ver,5,프레임워크renewver
635,개발을 위한 swift5 완벽,5,개발을위한swift5완벽
2284,핵심 기술 스프링,5,핵심기술스프링
70,code festival 파이썬 100제,5,codefestival파이썬100제
382,r로 하는 크롤링,5,r로하는크롤링
502,with 자바 gof,5,with자바gof
238,js django 연동,5,jsdjango연동
75,css 그리고 웹표준,5,css그리고웹표준
415,swift5 완벽 가이드,5,swift5완벽가이드
421,tdd 만드는 nodejs,5,tdd만드는nodejs
422,tdd 만드는 nodejs api,5,tdd만드는nodejsapi
199,it 자바 프로그래밍 입문,5,it자바프로그래밍입문
198,it 자바 프로그래밍,5,it자바프로그래밍
239,js django 연동 프로그래밍,5,jsdjango연동프로그래밍
814,누구나 있는 안드로이드 개발,5,누구나있는안드로이드개발
1891,제주 코딩 베이스캠프,5,제주코딩베이스캠프
2112,파이썬으로 실전 웹사이트 만들기,5,파이썬으로실전웹사이트만들기
444,vue js django,5,vuejsdjango
2012,테스트주도개발 tdd 만드는,5,테스트주도개발tdd만드는
109,docker hands on,5,dockerhandson
107,do it 자바 프로그래밍,5,doit자바프로그래밍
2172,프레임워크 핵심 기술 스프링,5,프레임워크핵심기술스프링
2198,프로그래밍 핵심 기초,5,프로그래밍핵심기초
286,level1 리버싱 분석 초급과정,5,level1리버싱분석초급과정
338,of vue js vue js 중급,5,ofvuejsvue
2013,테스트주도개발 tdd 만드는 nodejs,5,테스트주도개발tdd만드는nodejs
1687,이해 docker hands,5,이해dockerhands
285,level1 리버싱 분석,5,level1리버싱분석
2111,파이썬으로 실전 웹사이트,5,파이썬으로실전웹사이트
2309,홍정모의 따라하면서 배우는,5,따라하면서배우는
445,vue js django 연동,5,vuejsdjango연동
2140,패턴 with 자바 gof,5,패턴with자바gof
454,vue js vue js 중급,5,vuejsvuejs
2139,패턴 with 자바,5,패턴with자바
457,vue js 관련,5,vuejs관련
474,vue js 완벽가이드,5,vuejs완벽가이드
95,devops의 이해 docker,5,devops의이해docker
330,nodejs api 서버,5,nodejsapi서버
96,devops의 이해 docker hands,5,devops의이해dockerhands
133,festival 파이썬 100제,5,festival파이썬100제
101,django 연동 프로그래밍,5,django연동프로그래밍
106,do it 자바,5,doit자바
1892,제주 코딩 베이스캠프 django,5,제주코딩베이스캠프django
69,code festival 파이썬,5,codefestival파이썬
1964,케라스 인공지능의 공용어,5,케라스인공지능의공용어
1646,위해 제대로 배워보는,5,위해제대로배워보는
2008,테스트 top 기본,5,테스트top기본
1607,위한 swift5 완벽 가이드,5,위한swift5완벽가이드
704,관심있는 강의 파이썬,5,관심있는강의파이썬
1606,위한 swift5 완벽,5,위한swift5완벽
2009,테스트 top 기본 문제,5,테스트top기본문제
1146,배우는 홍정모의 게임 만들기 연습,5,배우는게임만들기연습
713,관심있는 인프런 강의,5,관심있는인프런강의
925,따라하며 배우는 홍정모의 게임,5,따라하며배우는게임
1145,배우는 홍정모의 게임 만들기,5,배우는게임만들기
1959,취업을 위해 제대로,5,취업을위해제대로
1144,배우는 홍정모의 게임,5,배우는게임
926,따라하며 배우는 홍정모의 게임 만들기,5,따라하며배우는게임만들기
1424,실전 웹사이트 만들기,5,실전웹사이트만들기
1982,코알못에서 웹서비스 런칭까지 제주,5,코알못에서웹서비스런칭까지제주
1286,쉽게 풀어보는 코딩,5,쉽게풀어보는코딩
1960,취업을 위해 제대로 배워보는,5,취업을위해제대로배워보는
813,누구나 있는 안드로이드,5,누구나있는안드로이드
1021,만드는 nodejs api,5,만드는nodejsapi
954,리버스쿨 level1 리버싱,5,리버스쿨level1리버싱
1971,코딩 테스트 top,5,코딩테스트top
1972,코딩 테스트 top 기본,5,코딩테스트top기본
889,디자인 패턴 with 자바,5,디자인패턴with자바
935,런칭까지 제주 코딩 베이스캠프,5,런칭까지제주코딩베이스캠프
1986,코틀린 기반 안드로이드 앱개발,5,코틀린기반안드로이드앱개발
1790,자바 스프링 프레임워크 renew ver,5,자바스프링프레임워크renew
1281,쉽게 배우는 webpack,5,쉽게배우는webpack
888,디자인 패턴 with,5,디자인패턴with
955,리버스쿨 level1 리버싱 분석,5,리버스쿨level1리버싱분석
1593,웹서비스 런칭까지 제주 코딩,5,웹서비스런칭까지제주코딩
1338,스프링 프레임워크 renew ver,5,스프링프레임워크renewver
759,기반 안드로이드 앱개발,5,기반안드로이드앱개발
1348,스프링 프레임워크 핵심 기술 스프링,5,스프링프레임워크핵심기술
1022,만드는 nodejs api 서버,5,만드는nodejsapi서버
1873,정말 쉽게 풀어보는 코딩,5,정말쉽게풀어보는코딩
1287,쉽게 풀어보는 코딩 테스트,5,쉽게풀어보는코딩테스트
1768,있는 안드로이드 개발,5,있는안드로이드개발
934,런칭까지 제주 코딩,5,런칭까지제주코딩
1965,케라스 인공지능의 공용어 완전정복,5,케라스인공지능의공용어완전정복
799,남박사의 파이썬으로 실전 웹사이트,5,남박사의파이썬으로실전웹사이트
798,남박사의 파이썬으로 실전,5,남박사의파이썬으로실전
1592,웹서비스 런칭까지 제주,5,웹서비스런칭까지제주
1693,인공지능의 공용어 완전정복,5,인공지능의공용어완전정복
1688,이해 docker hands on,5,이해dockerhandson
1970,코딩 베이스캠프 django,5,코딩베이스캠프django
1658,유니티 게임 개발,5,유니티게임개발
1896,제주코딩베이스캠프 code festival 파이썬,5,제주코딩베이스캠프codefestival파이썬
1981,코알못에서 웹서비스 런칭까지,5,코알못에서웹서비스런칭까지
762,기본 문제 with,4,기본문제with
1011,마라톤 기록예측 프로젝트,4,마라톤기록예측프로젝트
1257,빠르게 끝내는 go언어 프로그래밍,4,빠르게끝내는go언어프로그래밍
683,관심 있는 강의,4,관심있는강의
1138,배우는 언리얼 게임,4,배우는언리얼게임
1588,웹게임을 만들며 배우는 typescript,4,웹게임을만들며배우는typescript
2311,화이트해커가 되기 위한,4,화이트해커가되기위한
67,code festival 자바스크립트,4,codefestival자바스크립트
2290,핵심 기초 입문 과정,4,핵심기초입문과정
1674,이더리움 부동산 dapp 만들기,4,이더리움부동산dapp만들기
1758,입문에서 실무까지 devops의,4,입문에서실무까지devops의
1681,이용한 어플리케이션 개발하기,4,이용한어플리케이션개발하기
1548,완벽 가이드 실무,4,완벽가이드실무
87,dapp 만들기 기본편,4,dapp만들기기본편
120,es6 제대로 알아보기 중급,4,es6제대로알아보기중급
1881,제대로 알아보기 중급,4,제대로알아보기중급
1876,정보보안 개인정보보호 특강,4,정보보안개인정보보호특강
1877,제대로 배워보는 html과,4,제대로배워보는html과
1829,자바스크립트 개발을 위한,4,자바스크립트개발을위한
1878,제대로 배워보는 html과 css,4,제대로배워보는html과css
1486,애플리케이션 개발 실전,4,애플리케이션개발실전
1791,자바 스프링 프레임워크 renew ver 신입,4,자바스프링프레임워크renew
1178,백기선님의 스프링 강의,4,백기선님의스프링강의
204,it 해킹과 보안,4,it해킹과보안
2204,프로그래밍과 자바스크립트 es6 함수형,4,프로그래밍과자바스크립트es6함수형
1098,문제 with 자바,4,문제with자바
427,top 기본 문제 with,4,top기본문제with
975,리액트 js로 서비스 만들기,4,리액트js로서비스만들기
974,리액트 js로 서비스,4,리액트js로서비스
1292,쉽고 빠르게 끝내는,4,쉽고빠르게끝내는
2144,퍼블리셔 취업을 위해 제대로 배워보는 html과,4,퍼블리셔취업을위해제대로
1679,이용한 it 해킹과 보안,4,이용한it해킹과보안
2289,핵심 기초 입문,4,핵심기초입문
1565,완전정복 마라톤 기록예측 프로젝트,4,완전정복마라톤기록예측프로젝트
1505,언어 기본 자바스크립트,4,언어기본자바스크립트
864,데이터 분석과 시각화,4,데이터분석과시각화
105,do it 안드로이드 프로그래밍,4,doit안드로이드프로그래밍
104,do it 안드로이드,4,doit안드로이드
18,2020년 공부 목표는,4,2020년공부목표는
763,기본 문제 with 자바,4,기본문제with자바
780,기초 입문 과정,4,기초입문과정
805,노드 리액트 시리즈,4,노드리액트시리즈
1564,완전정복 마라톤 기록예측,4,완전정복마라톤기록예측
785,끝내는 go언어 프로그래밍,4,끝내는go언어프로그래밍
39,api 개발 스프링 시큐리티,4,api개발스프링시큐리티
2318,활용1 애플리케이션 개발 실전,4,활용1애플리케이션개발실전
2077,파이썬 머신러닝 완전정복 마라톤,4,파이썬머신러닝완전정복마라톤
68,code festival 자바스크립트 100제,4,codefestival자바스크립트100제
1759,입문에서 실무까지 devops의 이해,4,입문에서실무까지devops의이해
676,공부를 하고 싶습니다,4,공부를하고싶습니다
610,개발 스프링 시큐리티,4,개발스프링시큐리티
1647,위해 제대로 배워보는 html과,4,위해제대로배워보는html과
786,끝내는 go언어 프로그래밍 핵심,4,끝내는go언어프로그래밍핵심
1537,예제로 배우는 스프링,4,예제로배우는스프링
2076,파이썬 머신러닝 완전정복,4,파이썬머신러닝완전정복
574,강좌 renew ver 초보부터,4,강좌renewver초보부터
655,게임을 만들어보며 배우는,4,게임을만들어보며배우는
1961,취업을 위해 제대로 배워보는 html과,4,취업을위해제대로배워보는
573,강좌 renew ver,4,강좌renewver
656,게임을 만들어보며 배우는 언리얼,4,게임을만들어보며배우는언리얼
1673,이더리움 부동산 dapp,4,이더리움부동산dapp
1549,완벽 가이드 실무 프로젝트를,4,완벽가이드실무프로젝트를
822,다양한 방법 스프링,4,다양한방법스프링
2027,텐서플로2 파이썬 머신러닝,4,텐서플로2파이썬머신러닝
2028,텐서플로2 파이썬 머신러닝 완전정복,4,텐서플로2파이썬머신러닝완전정복
1678,이용한 it 해킹과,4,이용한it해킹과
1256,빠르게 끝내는 go언어,4,빠르게끝내는go언어
197,it 안드로이드 프로그래밍,4,it안드로이드프로그래밍
1249,블록체인 이더리움 부동산 dapp,4,블록체인이더리움부동산dapp
124,es6 함수형 프로그래밍과,4,es6함수형프로그래밍과
367,renew ver 초보부터,4,renewver초보부터
368,renew ver 초보부터 개발자,4,renewver초보부터개발자
148,go언어 프로그래밍 핵심 기초,4,go언어프로그래밍핵심기초
147,go언어 프로그래밍 핵심,4,go언어프로그래밍핵심
919,따라하며 배우는 노드 리액트,4,따라하며배우는노드리액트
918,따라하며 배우는 노드,4,따라하며배우는노드
1399,실무까지 devops의 이해 docker,4,실무까지devops의이해docker
513,가이드 실무 프로젝트를,4,가이드실무프로젝트를
1812,자바 프로그래밍 입문 강좌 renew ver,4,자바프로그래밍입문강좌
1132,배우는 노드 리액트 시리즈,4,배우는노드리액트시리즈
1398,실무까지 devops의 이해,4,실무까지devops의이해
1396,실무 프로젝트를 위한,4,실무프로젝트를위한
125,es6 함수형 프로그래밍과 자바스크립트,4,es6함수형프로그래밍과자바스크립트
1131,배우는 노드 리액트,4,배우는노드리액트
1822,자바스크립트 es6 함수형,4,자바스크립트es6함수형
181,ios 개발을 위한 swift5,4,ios개발을위한swift5
1819,자바스크립트 es6 제대로 알아보기 중급,4,자바스크립트es6제대로알아보기
2199,프로그래밍 핵심 기초 입문,4,프로그래밍핵심기초입문
180,ios 개발을 위한,4,ios개발을위한
1152,배워보는 html과 css,4,배워보는html과css
1738,입문 강좌 renew ver,4,입문강좌renewver
1059,머신러닝 완전정복 마라톤 기록예측,4,머신러닝완전정복마라톤기록예측
1323,스프링 부트 개념과 활용 스프링,4,스프링부트개념과활용
1907,중급 http통신 상태관리,4,중급http통신상태관리
1153,배워보는 html과 css 그리고,4,배워보는html과css그리고
156,html과 css 그리고 웹표준,4,html과css그리고웹표준
155,html과 css 그리고,4,html과css그리고
1334,스프링 시큐리티 스프링,4,스프링시큐리티스프링
1339,스프링 프레임워크 renew ver 신입,4,스프링프레임워크renewver
2254,함수형 프로그래밍과 자바스크립트 es6 함수형,4,함수형프로그래밍과자바스크립트es6
1248,블록체인 이더리움 부동산,4,블록체인이더리움부동산
514,가이드 실무 프로젝트를 위한,4,가이드실무프로젝트를위한
1165,배틀로얄 게임을 만들어보며,4,배틀로얄게임을만들어보며
132,festival 자바스크립트 100제,4,festival자바스크립트100제
1192,벡터 미적분학 시리즈,4,벡터미적분학시리즈
1835,자바스크립트 자바스크립트 개발을,4,자바스크립트자바스크립트개발을
1836,자바스크립트 자바스크립트 개발을 위한,4,자바스크립트자바스크립트개발을위한
1210,부트와 jpa 활용1 애플리케이션 개발 실전,4,부트와jpa활용1애플리케이션
1067,모던 자바스크립트 자바스크립트 개발을,4,모던자바스크립트자바스크립트개발을
1058,머신러닝 완전정복 마라톤,4,머신러닝완전정복마라톤
1205,부트 개념과 활용 스프링,4,부트개념과활용스프링
1046,만들어보며 배우는 언리얼,4,만들어보며배우는언리얼
1834,자바스크립트 언어 기본 자바스크립트,4,자바스크립트언어기본자바스크립트
1047,만들어보며 배우는 언리얼 게임,4,만들어보며배우는언리얼게임
1200,부동산 dapp 만들기 기본편,4,부동산dapp만들기기본편
1199,부동산 dapp 만들기,4,부동산dapp만들기
2164,프레임워크 renew ver 신입,4,프레임워크renewver신입
2195,프로그래밍 입문 강좌 renew ver,4,프로그래밍입문강좌renew
279,js로 서비스 만들기,4,js로서비스만들기
1036,만들며 배우는 typescript,4,만들며배우는typescript
1066,모던 자바스크립트 자바스크립트,4,모던자바스크립트자바스크립트
139,flutter 중급 http통신,4,flutter중급http통신
1823,자바스크립트 es6 함수형 프로그래밍과,4,자바스크립트es6함수형프로그래밍과
2116,파이썬을 이용한 it,4,파이썬을이용한it
1833,자바스크립트 언어 기본,4,자바스크립트언어기본
140,flutter 중급 http통신 상태관리,4,flutter중급http통신상태관리
2117,파이썬을 이용한 it 해킹과,4,파이썬을이용한it해킹과
1351,스프링 프레임워크 핵심기술,4,스프링프레임워크핵심기술
442,ver 초보부터 개발자 취업까지,4,ver초보부터개발자취업까지
1814,자바기반 android pie,4,자바기반androidpie
1166,배틀로얄 게임을 만들어보며 배우는,4,배틀로얄게임을만들어보며배우는
441,ver 초보부터 개발자,4,ver초보부터개발자
378,rest api 개발 스프링 시큐리티,4,restapi개발스프링
232,jpa 활용1 애플리케이션 개발 실전,4,jpa활용1애플리케이션개발
1246,블록체인 어플리케이션 만들기,4,블록체인어플리케이션만들기
1181,백기선님의 스프링 로드맵,4,백기선님의스프링로드맵
631,개발을 위한 es6 강좌,3,개발을위한es6강좌
915,따라하며 배우는 c언어 홍정모의,3,따라하며배우는c언어
731,관심있는 인프런 강의명 프로그래밍,3,관심있는인프런강의명프로그래밍
2068,파이썬 라즈베리파이 iot프로젝트 원격모니터링,3,파이썬라즈베리파이iot프로젝트원격모니터링
565,강의명 함수형 프로그래밍과 자바스크립트,3,강의명함수형프로그래밍과자바스크립트
564,강의명 함수형 프로그래밍과,3,강의명함수형프로그래밍과
910,딥러닝 완전정복 gan,3,딥러닝완전정복gan
911,딥러닝 완전정복 gan bert,3,딥러닝완전정복ganbert
463,vue js 끝장내기 실무에,3,vuejs끝장내기실무에
916,따라하며 배우는 c언어 홍정모의 따라하며,3,따라하며배우는c언어따라하며
921,따라하며 배우는 노드 리액트 시리즈 유튜브,3,따라하며배우는노드리액트
488,vuex vue js,3,vuexvuejs
931,따라하면서 배우는 c언어,3,따라하면서배우는c언어
932,라즈베리파이 iot프로젝트 원격모니터링,3,라즈베리파이iot프로젝트원격모니터링
933,라즈베리파이 iot프로젝트 원격모니터링 자동차,3,라즈베리파이iot프로젝트원격모니터링자동차
764,기본부터 인공지능 머신러닝까지,3,기본부터인공지능머신러닝까지
765,기본부터 인공지능 머신러닝까지 학습,3,기본부터인공지능머신러닝까지학습
697,관심과목 스프링 프레임워크 핵심,3,관심과목스프링프레임워크핵심
760,기반 안드로이드 앱개발 심화,3,기반안드로이드앱개발심화
758,기반 rest api 개발 스프링 시큐리티,3,기반restapi개발
504,www inflearn com,3,wwwinflearncom
696,관심과목 스프링 프레임워크,3,관심과목스프링프레임워크
2005,클레이튼 블록체인 어플리케이션,3,클레이튼블록체인어플리케이션
702,관심있는 강의 스프링,3,관심있는강의스프링
673,공부 목표 현재,3,공부목표현재
726,관심있는 인프런 강의명 스프링,3,관심있는인프런강의명스프링
1987,코틀린 기반 안드로이드 앱개발 심화,3,코틀린기반안드로이드앱개발
2067,파이썬 라즈베리파이 iot프로젝트,3,파이썬라즈베리파이iot프로젝트
728,관심있는 인프런 강의명 파이썬,3,관심있는인프런강의명파이썬
658,게임을 만들어보며 배우는 언리얼 게임 개발,3,게임을만들어보며배우는언리얼
646,게임 개발 unity 2d,3,게임개발unity2d
645,게임 개발 unity,3,게임개발unity
751,기반 android pie,3,기반androidpie
752,기반 android pie app,3,기반androidpieapp
1974,코딩 테스트 top 기본 문제 with,3,코딩테스트top기본
462,vue js 끝장내기,3,vuejs끝장내기
883,되기 위한 모의해킹 완전,3,되기위한모의해킹완전
2135,패킷 분석 입문,3,패킷분석입문
530,강의 파이썬 머신러닝,3,강의파이썬머신러닝
1948,취미로 해킹 해커의 컴퓨팅,3,취미로해킹해커의컴퓨팅
1947,취미로 해킹 해커의,3,취미로해킹해커의
1946,취미로 해킹 시리즈,3,취미로해킹시리즈
893,디지털 포렌식 digital forensic,3,디지털포렌식digitalforensic
2080,파이썬 머신러링 완벽,3,파이썬머신러링완벽
2081,파이썬 머신러링 완벽 가이드,3,파이썬머신러링완벽가이드
899,딥러닝 deep reinforcement learning,3,딥러닝deepreinforcementlearning
527,강의 스프링 mvc,3,강의스프링mvc
945,리눅스 서버 네트워크,3,리눅스서버네트워크
878,도움을 많이 받고,3,도움을많이받고
1925,처음이시라구요 리액트 js로 서비스,3,처음이시라구요리액트js로서비스
882,되기 위한 모의해킹,3,되기위한모의해킹
694,관심강좌 홍정모의 따라하며,3,관심강좌따라하며
1924,처음이시라구요 리액트 js로,3,처음이시라구요리액트js로
1923,처음 시작하는 파이썬,3,처음시작하는파이썬
515,가이드 실무 프로젝트를 위한 실전강의,3,가이드실무프로젝트를위한
1949,취약점 분석 입문부터,3,취약점분석입문부터
1950,취약점 분석 입문부터 활용까지,3,취약점분석입문부터활용까지
1951,취업을 위한 신입,3,취업을위한신입
1952,취업을 위한 신입 자바,3,취업을위한신입자바
946,리눅스 서버 네트워크 강좌,3,리눅스서버네트워크강좌
449,vue js es6 vuex vue,3,vuejses6vuex
1894,제주코딩베이스캠프 code festival 자바스크립트,3,제주코딩베이스캠프codefestival자바스크립트
437,unity 2d 시작부터 배포까지,3,unity2d시작부터배포까지
965,리버싱 분석 초급과정 리버스쿨,3,리버싱분석초급과정리버스쿨
436,unity 2d 시작부터,3,unity2d시작부터
971,리액트 express를 이용한,3,리액트express를이용한
977,리액트 native로 웹앱,3,리액트native로웹앱
978,리액트 native로 웹앱 모바일,3,리액트native로웹앱모바일
981,리액트 관련 강의,3,리액트관련강의
2136,패킷 분석 입문 악성코드,3,패킷분석입문악성코드
983,리액트 시리즈 유튜브 사이트,3,리액트시리즈유튜브사이트
505,www inflearn com course,3,wwwinflearncomcourse
898,딥러닝 deep reinforcement,3,딥러닝deepreinforcement
831,달아주는 sass scss,3,달아주는sassscss
695,관심강좌 홍정모의 따라하며 배우는,3,관심강좌따라하며배우는
1010,리얼타임 캐릭터 제작,3,리얼타임캐릭터제작
2006,클레이튼 블록체인 어플리케이션 만들기,3,클레이튼블록체인어플리케이션만들기
2173,프레임워크 핵심 기술 스프링 부트,3,프레임워크핵심기술스프링
1862,장의 문서로 데이터 분석과,3,장의문서로데이터분석과
1027,만들기 누구든지 하는 리액트,3,만들기누구든지하는리액트
1095,문서로 데이터 분석과,3,문서로데이터분석과
1826,자바스크립트 node js,3,자바스크립트nodejs
1090,목표입니다 관심 있는,3,목표입니다관심있는
1830,자바스크립트 개발을 위한 es6,3,자바스크립트개발을위한es6
1078,모의해킹 완전 정복,3,모의해킹완전정복
359,redux vs mobx,3,reduxvsmobx
1077,모바일 프로젝트 만들기,3,모바일프로젝트만들기
1063,머신러닝까지 학습 로드맵,3,머신러닝까지학습로드맵
347,pbr 리얼타임 캐릭터 제작,3,pbr리얼타임캐릭터제작
400,spring framework 커리큘럼,3,springframework커리큘럼
1118,배우는 c언어 홍정모의,3,배우는c언어
1119,배우는 c언어 홍정모의 따라하며,3,배우는c언어따라하며
401,spring mvc spring,3,springmvcspring
1026,만들기 누구든지 하는,3,만들기누구든지하는
1861,장의 문서로 데이터,3,장의문서로데이터
1071,모두를 위한 딥러닝 deep,3,모두를위한딥러닝deep
1064,머신러링 완벽 가이드,3,머신러링완벽가이드
1003,리액트로 구현하는 블록체인,3,리액트로구현하는블록체인
1037,만들며 배우는 리액트,3,만들며배우는리액트
1096,문서로 데이터 분석과 시각화,3,문서로데이터분석과시각화
346,pbr 리얼타임 캐릭터,3,pbr리얼타임캐릭터
1813,자바 프로그래밍 입문강좌,3,자바프로그래밍입문강좌
985,리액트 처음이시라구요 리액트,3,리액트처음이시라구요리액트
1847,자바스크립트 핵심 개념,3,자바스크립트핵심개념
1848,자바스크립트 핵심 개념 알아보기,3,자바스크립트핵심개념알아보기
2146,포렌식 digital forensic,3,포렌식digitalforensic
1851,자바스크립트로 알아보는 함수형,3,자바스크립트로알아보는함수형
1852,자바스크립트로 알아보는 함수형 프로그래밍,3,자바스크립트로알아보는함수형프로그래밍
986,리액트 처음이시라구요 리액트 js로,3,리액트처음이시라구요리액트js로
2147,포렌식 digital forensic 전문가,3,포렌식digitalforensic전문가
405,spring 완전 정복 로드맵,3,spring완전정복로드맵
1069,모던 자바스크립트 자바스크립트 개발을 위한 es6,3,모던자바스크립트자바스크립트개발을
1120,배우는 c언어 홍정모의 따라하며 배우는,3,배우는c언어따라하며배우는
379,rnn cnn 최신기법,3,rnncnn최신기법
677,공부를 해보고 싶습니다,3,공부를해보고싶습니다
792,날개를 달아주는 sass scss,3,날개를달아주는sassscss
794,남박사의 파이썬 100 활용,3,남박사의파이썬100활용
597,개념과 활용 스프링 프레임워크,3,개념과활용스프링프레임워크
593,개념 완벽 이해하기 with,3,개념완벽이해하기with
592,개념 완벽 이해하기,3,개념완벽이해하기
591,개념 알아보기 js flow,3,개념알아보기jsflow
801,네트워크 패킷 분석,3,네트워크패킷분석
802,네트워크 패킷 분석 입문,3,네트워크패킷분석입문
806,노드 리액트 시리즈 유튜브,3,노드리액트시리즈유튜브
590,개념 알아보기 js,3,개념알아보기js
2063,파이썬 딥러닝 완전정복,3,파이썬딥러닝완전정복
2064,파이썬 딥러닝 완전정복 gan,3,파이썬딥러닝완전정복gan
2046,파이썬 100 활용,3,파이썬100활용
611,개발 실전 스프링,3,개발실전스프링
612,개발 실전 스프링 부트와,3,개발실전스프링부트와
630,개발을 위한 es6,3,개발을위한es6
793,남박사의 파이썬 100,3,남박사의파이썬100
791,날개를 달아주는 sass,3,날개를달아주는sass
1099,문제로 배우는 c언어,3,문제로배우는c언어
790,끝장내기 실무에 필요한 모든,3,끝장내기실무에필요한모든
1837,자바스크립트 자바스크립트 개발을 위한 es6,3,자바스크립트자바스크립트개발을위한
402,spring mvc spring 핵심강의,3,springmvcspring핵심강의
404,spring 완전 정복,3,spring완전정복
399,spring data jpa,3,springdatajpa
1048,만들어보며 배우는 언리얼 게임 개발,3,만들어보며배우는언리얼게임
1609,위한 딥러닝 deep reinforcement,3,위한딥러닝deepreinforcement
982,리액트 시리즈 유튜브,3,리액트시리즈유튜브
776,기술 스프링 부트,3,기술스프링부트
777,기술 스프링 부트 개념과,3,기술스프링부트개념과
2048,파이썬 기본부터 인공지능,3,파이썬기본부터인공지능
601,개발 unity 2d 시작부터,3,개발unity2d시작부터
600,개발 unity 2d,3,개발unity2d
2049,파이썬 기본부터 인공지능 머신러닝까지,3,파이썬기본부터인공지능머신러닝까지
788,끝내는 go언어 프로그래밍 핵심 기초 입문,3,끝내는go언어프로그래밍핵심
789,끝장내기 실무에 필요한,3,끝장내기실무에필요한
892,디지털 포렌식 digital,3,디지털포렌식digital
850,데이터 jpa 실전,3,데이터jpa실전
1133,배우는 노드 리액트 시리즈 유튜브,3,배우는노드리액트시리즈
281,klaytn 클레이튼 블록체인 어플리케이션,3,klaytn클레이튼블록체인어플리케이션
1567,왕초보 블록체인 개념 완벽,3,왕초보블록체인개념완벽
1566,왕초보 블록체인 개념,3,왕초보블록체인개념
1561,완전정복 gan bert rnn,3,완전정복ganbertrnn
1560,완전정복 gan bert,3,완전정복ganbert
1559,완전 정복 로드맵,3,완전정복로드맵
1243,블록체인 개념 완벽 이해하기,3,블록체인개념완벽이해하기
1184,백기선의 spring 완전 정복,3,백기선의spring완전정복
1785,자바 기반 android pie,3,자바기반androidpie
1654,윈도우즈 애플리케이션 취약점,3,윈도우즈애플리케이션취약점
1558,완벽 이해하기 with 자바,3,완벽이해하기with자바
1170,백기선님 spring framework,3,백기선님springframework
1784,자바 기반 android,3,자바기반android
49,autolayout 완벽 가이드 실무,3,autolayout완벽가이드실무
45,asp net core 웹개발,3,aspnetcore웹개발
1608,위한 딥러닝 deep,3,위한딥러닝deep
1139,배우는 언리얼 게임 개발,3,배우는언리얼게임개발
1570,요즘 누가 유료로,3,요즘누가유료로
1627,위한 신입 자바,3,위한신입자바
1622,위한 모의해킹 완전 정복,3,위한모의해킹완전정복
1621,위한 모의해킹 완전,3,위한모의해킹완전
2282,핵심 개념 알아보기 js,3,핵심개념알아보기js
1690,이해하기 with 자바,3,이해하기with자바
1691,인공지능 머신러닝까지 학습,3,인공지능머신러닝까지학습
1345,스프링 프레임워크 입문,3,스프링프레임워크입문
1692,인공지능 머신러닝까지 학습 로드맵,3,인공지능머신러닝까지학습로드맵
145,gan bert rnn cnn,3,ganbertrnncnn
144,gan bert rnn,3,ganbertrnn
1349,스프링 프레임워크 핵심 기술 스프링 부트,3,스프링프레임워크핵심기술
1686,이용한 홈페이지 개발,3,이용한홈페이지개발
1516,여러가지 예제 실습,3,여러가지예제실습
114,es6 vuex vue js,3,es6vuexvuejs
1242,블록체인 개념 완벽,3,블록체인개념완벽
1580,웹개발 기본 강좌,3,웹개발기본강좌
1171,백기선님 spring framework 커리큘럼,3,백기선님springframework커리큘럼
295,mvc spring 핵심강의,3,mvcspring핵심강의
1602,위한 es6 강좌,3,위한es6강좌
17,2020년 공부 목표 현재,3,2020년공부목표현재
309,net core 웹개발 기본,3,netcore웹개발기본
257,js 끝장내기 실무에 필요한,3,js끝장내기실무에필요한
2312,화이트해커가 되기 위한 모의해킹,3,화이트해커가되기위한모의해킹
1777,자료구조 여러가지 예제 실습,3,자료구조여러가지예제실습
1231,분석 초급과정 리버스쿨,3,분석초급과정리버스쿨
1776,자료구조 여러가지 예제,3,자료구조여러가지예제
1538,예제로 배우는 스프링 입문,3,예제로배우는스프링입문
1551,완벽 가이드 실무 프로젝트를 위한 실전강의,3,완벽가이드실무프로젝트를
53,bert rnn cnn 최신기법,3,bertrnncnn최신기법
256,js 끝장내기 실무에,3,js끝장내기실무에
280,klaytn 클레이튼 블록체인,3,klaytn클레이튼블록체인
52,bert rnn cnn,3,bertrnncnn
233,jpa 활용1 애플리케이션 개발 실전 스프링,3,jpa활용1애플리케이션개발
1193,벡터 미적분학 시리즈1,3,벡터미적분학시리즈1
1235,분석과 시각화 뽀개기,3,분석과시각화뽀개기
241,js es6 vuex vue,3,jses6vuexvue
865,데이터 분석과 시각화 뽀개기,3,데이터분석과시각화뽀개기
1229,분석 입문부터 활용까지,3,분석입문부터활용까지
2218,프로젝트를 위한 실전강의,3,프로젝트를위한실전강의
23,2d 시작부터 배포까지,3,2d시작부터배포까지
2315,활용 스프링 시큐리티,3,활용스프링시큐리티
2010,테스트 top 기본 문제 with,3,테스트top기본문제
1597,웹앱 모바일 프로젝트 만들기,3,웹앱모바일프로젝트만들기
1596,웹앱 모바일 프로젝트,3,웹앱모바일프로젝트
305,native로 웹앱 모바일,3,native로웹앱모바일
2319,활용1 애플리케이션 개발 실전 스프링,3,활용1애플리케이션개발실전
1158,배워보는 vue js es6 vuex vue,3,배워보는vuejses6
297,mvc 스프링 기반 rest,3,mvc스프링기반rest
296,mvc 스프링 기반,3,mvc스프링기반
2316,활용 스프링 프레임워크,3,활용스프링프레임워크
44,asp net core,3,aspnetcore
48,autolayout 완벽 가이드,3,autolayout완벽가이드
1557,완벽 이해하기 with,3,완벽이해하기with
1183,백기선의 spring 완전,3,백기선의spring완전
1227,분석 입문 악성코드 샘플,3,분석입문악성코드샘플
1226,분석 입문 악성코드,3,분석입문악성코드
149,go언어 프로그래밍 핵심 기초 입문,3,go언어프로그래밍핵심기초
306,native로 웹앱 모바일 프로젝트,3,native로웹앱모바일프로젝트
2262,해외취업 asp net,3,해외취업aspnet
1469,안드로이드 인스타그램 클론 만들기,3,안드로이드인스타그램클론만들기
172,ios autolayout 완벽 가이드,3,iosautolayout완벽가이드
1490,애플리케이션 취약점 분석,3,애플리케이션취약점분석
171,ios autolayout 완벽,3,iosautolayout완벽
1491,애플리케이션 취약점 분석 입문부터,3,애플리케이션취약점분석입문부터
78,css에 날개를 달아주는,3,css에날개를달아주는
1655,윈도우즈 애플리케이션 취약점 분석,3,윈도우즈애플리케이션취약점분석
72,core 웹개발 기본,3,core웹개발기본
73,core 웹개발 기본 강좌,3,core웹개발기본강좌
1509,엑셀 quick start,3,엑셀quickstart
1659,유니티 게임 개발 unity,3,유니티게임개발unity
113,es6 vuex vue,3,es6vuexvue
76,css3를 이용한 홈페이지,3,css3를이용한홈페이지
1265,새해 많이 받으세요,3,새해많이받으세요
1266,새해복 많이 받으세요,3,새해복많이받으세요
1267,서버 네트워크 강좌,3,서버네트워크강좌
1468,안드로이드 인스타그램 클론,3,안드로이드인스타그램클론
1301,스프링 mvc 스프링 기반,3,스프링mvc스프링기반
2240,하울의 안드로이드 인스타그램,3,하울의안드로이드인스타그램
85,c언어 홍정모의 따라하며,3,c언어따라하며
1136,배우는 스프링 입문,3,배우는스프링입문
1459,악성코드 샘플 분석,3,악성코드샘플분석
308,net core 웹개발,3,netcore웹개발
1504,언리얼 게임 개발,3,언리얼게임개발
194,iot프로젝트 원격모니터링 자동차,3,iot프로젝트원격모니터링자동차
1487,애플리케이션 개발 실전 스프링,3,애플리케이션개발실전스프링
1485,알아보는 함수형 프로그래밍,3,알아보는함수형프로그래밍
2247,한해가 되었으면 좋겠습니다,3,한해가되었으면좋겠습니다
1668,유튜브 사이트 만들기,3,유튜브사이트만들기
1478,알아보기 js flow,3,알아보기jsflow
1293,쉽고 빠르게 끝내는 go언어,3,쉽고빠르게끝내는go언어
2248,한해가 되었으면 합니다,3,한해가되었으면합니다
1748,입문 악성코드 샘플 분석,3,입문악성코드샘플분석
2285,핵심 기술 스프링 부트,3,핵심기술스프링부트
1747,입문 악성코드 샘플,3,입문악성코드샘플
1269,성공하는 것이 목표입니다,3,성공하는것이목표입니다
86,c언어 홍정모의 따라하며 배우는,3,c언어따라하며배우는
77,css3를 이용한 홈페이지 개발,3,css3를이용한홈페이지개발
2263,해외취업 asp net core,3,해외취업aspnetcore
1716,인프런 강의명 파이썬,3,인프런강의명파이썬
1714,인프런 강의명 스프링,3,인프런강의명스프링
1397,실무 프로젝트를 위한 실전강의,3,실무프로젝트를위한실전강의
110,es6 vue js,3,es6vuejs
1402,실무에 필요한 모든,3,실무에필요한모든
111,es6 vue js 완벽,3,es6vuejs완벽
1359,시리즈 유튜브 사이트,3,시리즈유튜브사이트
98,digital forensic 전문가,3,digitalforensic전문가
1695,인스타그램 클론 만들기,3,인스타그램클론만들기
2256,합니다 관심있는 인프런,3,합니다관심있는인프런
165,inflearn com course,3,inflearncomcourse
2257,합니다 관심있는 인프런 강의명,3,합니다관심있는인프런강의명
158,https www inflearn com,3,httpswwwinflearncom
1497,앱개발 심화 2단계,3,앱개발심화2단계
157,https www inflearn,3,httpswwwinflearn
92,deep reinforcement learning,3,deepreinforcementlearning
1379,시작하시는 분들을 위한,3,시작하시는분들을위한
1360,시리즈 유튜브 사이트 만들기,3,시리즈유튜브사이트만들기
1467,안드로이드 앱개발 심화 2단계,3,안드로이드앱개발심화2단계
1720,인프런 강의명 프로그래밍,3,인프런강의명프로그래밍
206,it취업을 위한 알고리즘 입문,3,it취업을위한알고리즘입문
1434,싶습니다 관심 있는,3,싶습니다관심있는
205,it취업을 위한 알고리즘,3,it취업을위한알고리즘
79,css에 날개를 달아주는 sass,3,css에날개를달아주는sass
1315,스프링 데이터 jpa 실전,3,스프링데이터jpa실전
1466,안드로이드 앱개발 심화,3,안드로이드앱개발심화
141,forensic 전문가 과정,3,forensic전문가과정
2241,하울의 안드로이드 인스타그램 클론,3,하울의안드로이드인스타그램클론
1440,싶습니다 남박사의 파이썬,3,싶습니다남박사의파이썬
99,digital forensic 전문가 과정,3,digitalforensic전문가과정
2281,핵심 개념 알아보기,3,핵심개념알아보기
1437,싶습니다 관심있는 강의,3,싶습니다관심있는강의
1435,싶습니다 관심 있는 인프런,3,싶습니다관심있는인프런
2272,해킹 해커의 컴퓨팅,3,해킹해커의컴퓨팅
1350,스프링 프레임워크 핵심 기술 자바,2,스프링프레임워크핵심기술
1375,시작하기 파이썬 입문 공공데이터로,2,시작하기파이썬입문공공데이터로
1352,스프링부트 vue js,2,스프링부트vuejs
1355,스프링부트와 jpa 활용2,2,스프링부트와jpa활용2
1409,실전 jsp renew ver,2,실전jsprenewver
1356,스프링부트와 jpa 활용2 api,2,스프링부트와jpa활용2api
1363,시스템 해킹 프로토스타,2,시스템해킹프로토스타
1364,시스템 해킹 프로토스타 완벽,2,시스템해킹프로토스타완벽
1393,신청완료 vue로 nodebird sns,2,신청완료vue로nodebirdsns
1389,신입프로그래머를 위한 자바,2,신입프로그래머를위한자바
1380,시작하시는 분들을 위한 intellij,2,시작하시는분들을위한intellij
1382,시큐리티 스프링 데이터,2,시큐리티스프링데이터
1383,시큐리티 스프링 데이터 jpa,2,시큐리티스프링데이터jpa
1299,스프링 mvc 백기선,2,스프링mvc백기선
1384,신입 자바 자바,2,신입자바자바
1385,신입 자바 자바 개발자,2,신입자바자바개발자
1390,신입프로그래머를 위한 자바 스프링,2,신입프로그래머를위한자바스프링
1392,신청완료 vue로 nodebird,2,신청완료vue로nodebird
1341,스프링 프레임워크 renewal,2,스프링프레임워크renewal
1342,스프링 프레임워크 renewal ver,2,스프링프레임워크renewalver
292,level3 안드로이드 모바일 리버싱,2,level3안드로이드모바일리버싱
1335,스프링 시큐리티 스프링 데이터,2,스프링시큐리티스프링데이터
810,누가 유료로 웹서비스 구축,2,누가유료로웹서비스구축
287,level1 리버싱 분석 초급과정 리버스쿨,2,level1리버싱분석초급과정
1297,스트링 부트 개념과,2,스트링부트개념과
289,level2 리버싱 분석,2,level2리버싱분석
290,level2 리버싱 분석 초급과정,2,level2리버싱분석초급과정
291,level3 안드로이드 모바일,2,level3안드로이드모바일
293,malware 분석 입문,2,malware분석입문
294,malware 분석 입문 과정,2,malware분석입문과정
809,누가 유료로 웹서비스,2,누가유료로웹서비스
815,누구나 있는 안드로이드 개발 kotlin,2,누구나있는안드로이드개발
1333,스프링 부트의 개념과 활용,2,스프링부트의개념과활용
1353,스프링부트 vue js jpa,2,스프링부트vuejsjpa
1304,스프링 mvc 스프링 부트,2,스프링mvc스프링부트
1306,스프링 강의 완주,2,스프링강의완주
1313,스프링 데이터 jpa 스프링 프레임워크,2,스프링데이터jpa스프링
1316,스프링 데이터 jpa 실전 스프링,2,스프링데이터jpa실전
1318,스프링 데이터 jpa 자바,2,스프링데이터jpa자바
1324,스프링 부트 개념과 활용 스프링 프레임워크,2,스프링부트개념과활용
1332,스프링 부트의 개념과,2,스프링부트의개념과
1298,스트링 부트 개념과 활용,2,스트링부트개념과활용
1519,연재할인 제주코딩베이스캠프 code festival,2,연재할인제주코딩베이스캠프codefestival
1296,스스로의 웹페이지를 구축해보고,2,스스로의웹페이지를구축해보고
1513,엑셀장인의 매크로 프리다를,2,엑셀장인의매크로프리다를
1271,성과내기 페이스북 퍼포먼스 마케팅,2,성과내기페이스북퍼포먼스마케팅
1272,성장하고 싶습니다 관심있는,2,성장하고싶습니다관심있는
1282,쉽게 배워보는 파이참,2,쉽게배워보는파이참
1283,쉽게 배워보는 파이참 pycharm,2,쉽게배워보는파이참pycharm
1408,실전 jsp renew,2,실전jsprenew
1420,실전 스프링부트와 jpa,2,실전스프링부트와jpa
1188,백엔드 자바스크립트의 이해,2,백엔드자바스크립트의이해
1543,완벽 가이드 권철민,2,완벽가이드권철민
1514,엑셀장인의 매크로 프리다를 이용한,2,엑셀장인의매크로프리다를이용한
1260,사람이 되고 싶습니다,2,사람이되고싶습니다
1518,연재할인 제주코딩베이스캠프 code,2,연재할인제주코딩베이스캠프code
1522,열심히 공부할 예정입니다,2,열심히공부할예정입니다
1528,영역 자유롭게 구사하는,2,영역자유롭게구사하는
1529,영역 자유롭게 구사하는 기술,2,영역자유롭게구사하는기술
1532,영화리뷰 감정 분석을,2,영화리뷰감정분석을
1533,영화리뷰 감정 분석을 통한,2,영화리뷰감정분석을통한
1539,예제로 배우는 스프링부트,2,예제로배우는스프링부트
283,klaytn 클레이튼 블록체인 어플리케이션 만들기 토큰,2,klaytn클레이튼블록체인어플리케이션
1270,성과내기 페이스북 퍼포먼스,2,성과내기페이스북퍼포먼스
1253,빅데이터의 통찰력을 주는 엑셀,2,빅데이터의통찰력을주는엑셀
1190,번에 flutter 중급 http통신,2,번에flutter중급http통신
1219,분들을 위한 intellij,2,분들을위한intellij
1194,보안 취미로 해킹,2,보안취미로해킹
1195,보안 취미로 해킹 시리즈,2,보안취미로해킹시리즈
1196,보안전문가를 위한 파워쉘,2,보안전문가를위한파워쉘
1197,보유하여 스스로의 웹페이지를,2,보유하여스스로의웹페이지를
1198,보유하여 스스로의 웹페이지를 구축해보고,2,보유하여스스로의웹페이지를구축해보고
1201,부족함을 많이 느끼는,2,부족함을많이느끼는
1206,부트 개념과 활용 스프링 프레임워크,2,부트개념과활용스프링
1215,부트의 개념과 활용,2,부트의개념과활용
1220,분들을 위한 intellij 가이드,2,분들을위한intellij가이드
1252,빅데이터의 통찰력을 주는,2,빅데이터의통찰력을주는
1222,분석 실전 프로젝트 파이썬,2,분석실전프로젝트파이썬
1225,분석 입문 과정,2,분석입문과정
1230,분석 중급과정 유형별분석,2,분석중급과정유형별분석
1232,분석 초급과정 리버스쿨 level2,2,분석초급과정리버스쿨level2
1236,분석과 자연어 처리,2,분석과자연어처리
1238,분석을 통한 파이썬,2,분석을통한파이썬
1239,분석을 통한 파이썬 텍스트,2,분석을통한파이썬텍스트
1247,블록체인 어플리케이션 만들기 토큰,2,블록체인어플리케이션만들기토큰
284,learning 파이썬 머신러닝,2,learning파이썬머신러닝
19,2020년 목표 리액트,2,2020년목표리액트
276,jsp renew ver 신입,2,jsprenewver신입
74,crawling 어플리케이션 만들기,2,crawling어플리케이션만들기
58,boot spring mvc spring,2,bootspringmvcspring
60,camp 입문부터 서비스,2,camp입문부터서비스
61,camp 입문부터 서비스 개발까지,2,camp입문부터서비스개발까지
62,cc 일러스트레이터 입문부터,2,cc일러스트레이터입문부터
63,cc 일러스트레이터 입문부터 실전까지,2,cc일러스트레이터입문부터실전까지
64,centos7 리눅스 서버,2,centos7리눅스서버
65,centos7 리눅스 서버 네트워크,2,centos7리눅스서버네트워크
71,com course flutter,2,comcourseflutter
208,jpa node js,2,jpanodejs
55,boot camp 입문부터 서비스,2,bootcamp입문부터서비스
210,jpa spring boot spring,2,jpaspringbootspring
403,spring 관련 강좌,2,spring관련강좌
361,reinforcement learning 파이썬,2,reinforcementlearning파이썬
319,node js 웹개발로,2,nodejs웹개발로
320,node js 웹개발로 알아보는,2,nodejs웹개발로알아보는
325,nodebird sns 만들기 node,2,nodebirdsns만들기node
326,nodebird sns 만들기 누구든지,2,nodebirdsns만들기누구든지
329,nodebird sns 만들기 신청완료,2,nodebirdsns만들기신청완료
57,boot spring mvc,2,bootspringmvc
54,boot camp 입문부터,2,bootcamp입문부터
275,jsp renew ver,2,jsprenewver
12,2020년 공부 목표 올해는,2,2020년공부목표올해는
100,django 공략하기 입문,2,django공략하기입문
93,deep reinforcement learning 파이썬,2,deepreinforcementlearning파이썬
82,c로 배우는 자료구조 여러가지,2,c로배우는자료구조여러가지
81,c로 배우는 자료구조,2,c로배우는자료구조
4,12개를 만들며 배우는,2,12개를만들며배우는
5,12개를 만들며 배우는 swift4,2,12개를만들며배우는swift4
8,2018 do it,2,2018doit
9,2018 do it 안드로이드,2,2018doit안드로이드
13,2020년 공부 목표 파이썬,2,2020년공부목표파이썬
43,app 개발 심화,2,app개발심화
14,2020년 공부 목표 프론트엔드,2,2020년공부목표프론트엔드
1541,오픈 예정인 김영한님의,2,오픈예정인김영한님의
20,2020년 목표 리액트 공부하기,2,2020년목표리액트공부하기
21,2020년 목표 열심히,2,2020년목표열심히
22,2020년 목표 열심히 공부해서,2,2020년목표열심히공부해서
34,android pie app 개발 기본,2,androidpieapp개발
37,api 개발 스프링 데이터,2,api개발스프링데이터
42,app 개발 기본,2,app개발기본
331,objective 강좌 12개,2,objective강좌12개
332,objective 강좌 12개 만들면서,2,objective강좌12개만들면서
349,pie app 개발 기본,2,pieapp개발기본
224,jpa 자바 orm,2,jpa자바orm
301,mvc 스프링 부트 개념과,2,mvc스프링부트개념과
300,mvc 스프링 부트,2,mvc스프링부트
214,jpa 스프링 기반 rest,2,jpa스프링기반rest
217,jpa 스프링 프레임워크,2,jpa스프링프레임워크
218,jpa 스프링 프레임워크 핵심,2,jpa스프링프레임워크핵심
220,jpa 시리즈 입니다,2,jpa시리즈입니다
221,jpa 실전 스프링,2,jpa실전스프링
222,jpa 실전 스프링 부트와,2,jpa실전스프링부트와
225,jpa 자바 orm 표준,2,jpa자바orm표준
350,pie app 개발 심화,2,pieapp개발심화
228,jpa 자바 스프링,2,jpa자바스프링
243,js es6 vuex vue js 완벽,2,jses6vuexvue
248,js 관련 강의들을,2,js관련강의들을
249,js 관련 강의를,2,js관련강의를
250,js 관련 강의를 인프런에서,2,js관련강의를인프런에서
264,js 완벽 가이드 신청완료,2,js완벽가이드신청완료
267,js 웹개발로 알아보는,2,js웹개발로알아보는
268,js 웹개발로 알아보는 백엔드,2,js웹개발로알아보는백엔드
311,nlp imdb 영화리뷰,2,nlpimdb영화리뷰
312,nlp imdb 영화리뷰 감정,2,nlpimdb영화리뷰감정
396,spring boot spring mvc,2,springbootspringmvc
395,spring boot spring,2,springbootspring
354,pycharm 핵심 가이드,2,pycharm핵심가이드
355,red hat centos7,2,redhatcentos7
356,red hat centos7 리눅스,2,redhatcentos7리눅스
360,redux vs mobx 배우자,2,reduxvsmobx배우자
362,reinforcement learning 파이썬 머신러닝,2,reinforcementlearning파이썬머신러닝
213,jpa 스프링 기반,2,jpa스프링기반
370,renewal ver 신입,2,renewalver신입
371,renewal ver 신입 프로그래머를,2,renewalver신입프로그래머를
376,rest api 개발 스프링 데이터,2,restapi개발스프링
383,r로 하는 크롤링 입문편,2,r로하는크롤링입문편
384,r로 하는 텍스트마이닝,2,r로하는텍스트마이닝
385,r로 하는 텍스트마이닝 top,2,r로하는텍스트마이닝top
388,sns 만들기 node,2,sns만들기node
389,sns 만들기 누구든지,2,sns만들기누구든지
390,sns 만들기 누구든지 하는,2,sns만들기누구든지하는
393,sns 만들기 신청완료,2,sns만들기신청완료
394,spring boot jpa,2,springbootjpa
1540,예제로 배우는 스프링부트 입문,2,예제로배우는스프링부트입문
1000,리액트로 nodebird sns 만들기 node,2,리액트로nodebirdsns만들기
1542,올해는 파이썬 배워서,2,올해는파이썬배워서
1122,배우는 ios 아이폰 개발,2,배우는ios아이폰개발
1014,마인크래프트 게임을 활용한,2,마인크래프트게임을활용한
1186,백엔드 개발자 취업,2,백엔드개발자취업
1150,배우는 홍정모의 따라하며 배우는 홍정모의,2,배우는따라하며배우는
1109,방법 스프링 데이터,2,방법스프링데이터
1110,방법 스프링 데이터 jpa,2,방법스프링데이터jpa
1116,방학동안 부족했던 부분을,2,방학동안부족했던부분을
1117,배우고 싶습니다 관심있는,2,배우고싶습니다관심있는
1121,배우는 ios 아이폰,2,배우는ios아이폰
1123,배우는 swift4 ios11,2,배우는swift4ios11
886,되는 것이 목표입니다,2,되는것이목표입니다
1124,배우는 swift4 ios11 아이폰,2,배우는swift4ios11아이폰
1135,배우는 리눅스 시스템,2,배우는리눅스시스템
1137,배우는 스프링부트 입문,2,배우는스프링부트입문
1140,배우는 자료구조 여러가지,2,배우는자료구조여러가지
1141,배우는 자료구조 여러가지 예제,2,배우는자료구조여러가지예제
1143,배우는 자바 플레이그라운드,2,배우는자바플레이그라운드
1151,배우는 홍정모의 따라하며 배우는 홍정모의 게임,2,배우는따라하며배우는게임
1015,마인크래프트 게임을 활용한 파이썬,2,마인크래프트게임을활용한파이썬
1012,마스터 관심과목 머신러닝,2,마스터관심과목머신러닝
885,되는 것을 목표로,2,되는것을목표로
1162,배워보는 파이참 pycharm,2,배워보는파이참pycharm
851,데이터 jpa 실전 스프링,2,데이터jpa실전스프링
833,담은 하울의 코틀린 안드로이드,2,담은하울의코틀린안드로이드
834,당장 성과내기 페이스북,2,당장성과내기페이스북
835,당장 성과내기 페이스북 퍼포먼스,2,당장성과내기페이스북퍼포먼스
837,대비 제주코딩베이스캠프 code,2,대비제주코딩베이스캠프code
838,대비 제주코딩베이스캠프 code festival,2,대비제주코딩베이스캠프codefestival
842,대회를 위한 시스템,2,대회를위한시스템
843,대회를 위한 시스템 해킹,2,대회를위한시스템해킹
847,데이터 jpa 스프링 프레임워크,2,데이터jpa스프링프레임워크
854,데이터 jpa 자바,2,데이터jpa자바
881,독하게 시작하는 프로그래밍,2,독하게시작하는프로그래밍
855,데이터 jpa 자바 orm,2,데이터jpa자바orm
858,데이터 과학부터 인공지능까지,2,데이터과학부터인공지능까지
862,데이터 분석 관련,2,데이터분석관련
868,데이터 추출 입문부터,2,데이터추출입문부터
869,데이터 추출 입문부터 실습까지,2,데이터추출입문부터실습까지
872,데이터시각화 분석 실전 프로젝트 파이썬,2,데이터시각화분석실전프로젝트
879,도움을 많이 받고 있습니다,2,도움을많이받고있습니다
880,독하게 시작하는 c프로그래밍,2,독하게시작하는c프로그래밍
1,12개 만들면서 배우는 ios,2,12개만들면서배우는ios
1163,배워보는 파이참 pycharm 핵심,2,배워보는파이참pycharm핵심
1544,완벽 가이드 신청완료,2,완벽가이드신청완료
1065,메신져 만들기 android,2,메신져만들기android
1045,만들어 보고 싶습니다,2,만들어보고싶습니다
1049,많은 도움 받고있습니다,2,많은도움받고있습니다
1050,많이 받고 있습니다,2,많이받고있습니다
1051,매크로 프리다를 이용한,2,매크로프리다를이용한
1052,매크로 프리다를 이용한 모의해킹,2,매크로프리다를이용한모의해킹
1054,머신러닝 완벽 가이드 권철민,2,머신러닝완벽가이드권철민
1055,머신러닝 완벽 가이드 케라스,2,머신러닝완벽가이드케라스
1062,머신러닝과 딥러닝 강좌 입니다,2,머신러닝과딥러닝강좌입니다
1079,모의해킹 현업에 대한,2,모의해킹현업에대한
1042,만들어 가면서 배우는,2,만들어가면서배우는
1080,모의해킹 현업에 대한 이야기,2,모의해킹현업에대한이야기
1081,목표 리액트 공부하기,2,목표리액트공부하기
1082,목표 열심히 공부해서,2,목표열심히공부해서
1083,목표 프론트엔드 영역,2,목표프론트엔드영역
1084,목표 프론트엔드 영역 자유롭게,2,목표프론트엔드영역자유롭게
1087,목표로 합니다 관심있는,2,목표로합니다관심있는
1088,목표로 합니다 관심있는 인프런,2,목표로합니다관심있는인프런
1091,목표입니다 관심 있는 인프런,2,목표입니다관심있는인프런
1043,만들어 가면서 배우는 자바,2,만들어가면서배우는자바
1040,만들면서 배우는 ios 아이폰,2,만들면서배우는ios아이폰
1169,백기선 spring 강의,2,백기선spring강의
1182,백기선님의 스프링 시큐리티,2,백기선님의스프링시큐리티
1172,백기선님 spring 강좌,2,백기선님spring강좌
1173,백기선님 스프링 강좌,2,백기선님스프링강좌
1174,백기선님 스프링 시리즈,2,백기선님스프링시리즈
1175,백기선님의 spring 관련,2,백기선님의spring관련
1176,백기선님의 spring 관련 강좌,2,백기선님의spring관련강좌
1177,백기선님의 모든 강의,2,백기선님의모든강의
1179,백기선님의 스프링 강의 완주,2,백기선님의스프링강의완주
1180,백기선님의 스프링 강좌,2,백기선님의스프링강좌
1108,방법 스프링 mvc,2,방법스프링mvc
1039,만들면서 배우는 ios,2,만들면서배우는ios
1107,밑바닥부터 시작하는 머신러닝,2,밑바닥부터시작하는머신러닝
1101,문제풀이 코딩테스트 대비 제주코딩베이스캠프,2,문제풀이코딩테스트대비제주코딩베이스캠프
1094,목표입니다 관심있는 인프런 강의명,2,목표입니다관심있는인프런강의명
1023,만들고 싶습니다 관심있는,2,만들고싶습니다관심있는
1024,만들기 node js로,2,만들기nodejs로
1025,만들기 node js로 크롤링하기,2,만들기nodejs로크롤링하기
1032,만들며 배우는 swift4,2,만들며배우는swift4
1033,만들며 배우는 swift4 ios11,2,만들며배우는swift4ios11
832,담은 하울의 코틀린,2,담은하울의코틀린
830,다지고 싶습니다 관심있는 인프런,2,다지고싶습니다관심있는인프런
829,다지고 싶습니다 관심있는,2,다지고싶습니다관심있는
1454,악성코드 malware 분석,2,악성코드malware분석
1444,싶어요 관심있는 인프런,2,싶어요관심있는인프런
1445,싶어요 관심있는 인프런 강의명,2,싶어요관심있는인프런강의명
1446,싶어요 함수형 프로그래밍과,2,싶어요함수형프로그래밍과
1447,싶어요 함수형 프로그래밍과 자바스크립트,2,싶어요함수형프로그래밍과자바스크립트
1449,아이폰 ios 개발,2,아이폰ios개발
1450,아이폰 ios 개발 강좌,2,아이폰ios개발강좌
1451,아이폰 개발 swift4,2,아이폰개발swift4
1452,아이폰 개발 swift4 ios11,2,아이폰개발swift4ios11
1455,악성코드 malware 분석 입문,2,악성코드malware분석입문
1433,싶습니다 vue js,2,싶습니다vuejs
1457,악성코드 분석 중급과정,2,악성코드분석중급과정
1458,악성코드 분석 중급과정 유형별분석,2,악성코드분석중급과정유형별분석
1462,안드로이드 ios 개발을 번에 flutter,2,안드로이드ios개발을번에
1464,안드로이드 개발 kotlin,2,안드로이드개발kotlin
1465,안드로이드 모바일 리버싱,2,안드로이드모바일리버싱
1470,안들은 강좌들 수강하기,2,안들은강좌들수강하기
1473,알고리즘 문제풀이 코딩테스트 대비 제주코딩베이스캠프,2,알고리즘문제풀이코딩테스트대비
1479,알아보기 초급 자바스크립트,2,알아보기초급자바스크립트
1441,싶습니다 남박사의 파이썬 실전,2,싶습니다남박사의파이썬실전
1426,실전 프로젝트 파이썬 머신러닝,2,실전프로젝트파이썬머신러닝
824,다양한 방법 스프링 데이터,2,다양한방법스프링데이터
1577,우아한형제들 백엔드 개발자,2,우아한형제들백엔드개발자
1421,실전 스프링부트와 jpa 활용2,2,실전스프링부트와jpa활용2
1545,완벽 가이드 신청완료 vue로,2,완벽가이드신청완료vue로
1552,완벽 가이드 입니다,2,완벽가이드입니다
1553,완벽 가이드 케라스,2,완벽가이드케라스
1554,완벽 가이드 케라스 인공지능의,2,완벽가이드케라스인공지능의
1571,요즘 누가 유료로 웹서비스,2,요즘누가유료로웹서비스
1574,우리를 위한 프로그래밍,2,우리를위한프로그래밍
1575,우리를 위한 프로그래밍 파이썬,2,우리를위한프로그래밍파이썬
1578,우아한형제들 백엔드 개발자 취업,2,우아한형제들백엔드개발자취업
1425,실전 프로젝트 파이썬,2,실전프로젝트파이썬
1584,웹개발로 알아보는 백엔드,2,웹개발로알아보는백엔드
1585,웹개발로 알아보는 백엔드 자바스크립트의,2,웹개발로알아보는백엔드자바스크립트의
1589,웹서비스 구축 하나,2,웹서비스구축하나
1590,웹서비스 구축 하나 firebase의,2,웹서비스구축하나firebase의
1507,에센스만 담은 하울의 코틀린,2,에센스만담은하울의코틀린
1506,에센스만 담은 하울의,2,에센스만담은하울의
1503,어플리케이션 만들기 토큰,2,어플리케이션만들기토큰
1502,어플리케이션 개발 관련,2,어플리케이션개발관련
1480,알아보기 초급 자바스크립트 es6,2,알아보기초급자바스크립트es6
1483,알아보는 백엔드 자바스크립트의,2,알아보는백엔드자바스크립트의
1484,알아보는 백엔드 자바스크립트의 이해,2,알아보는백엔드자바스크립트의이해
1004,리액트로 구현하는 블록체인 이더리움,2,리액트로구현하는블록체인이더리움
962,리버스쿨 level3 안드로이드 모바일,2,리버스쿨level3안드로이드모바일
966,리버싱 분석 초급과정 리버스쿨 level2,2,리버싱분석초급과정리버스쿨
968,리액트 express 이용한,2,리액트express이용한
969,리액트 express 이용한 어플리케이션,2,리액트express이용한어플리케이션
972,리액트 express를 이용한 어플리케이션,2,리액트express를이용한어플리케이션
994,리액트 핵심 강좌 tdd,2,리액트핵심강좌tdd
997,리액트 핵심 강좌 리액트,2,리액트핵심강좌리액트
195,ipc 프로그래밍 이론과,2,ipc프로그래밍이론과
1005,리액트와 vue js,2,리액트와vuejs
1495,애플리케이션을 테스트하는 다양한 방법 스프링,2,애플리케이션을테스트하는다양한방법
1006,리액트와 vue js 관련,2,리액트와vuejs관련
1009,리얼타임 오브젝트 cg,2,리얼타임오브젝트cg
897,디지털 포렌식 전문가 과정,2,디지털포렌식전문가과정
896,디지털 포렌식 전문가,2,디지털포렌식전문가
891,디자인 패턴의 이해,2,디자인패턴의이해
887,등에 관심이 있습니다,2,등에관심이있습니다
817,누구나 있다 이모티콘 만들기,2,누구나있다이모티콘만들기
823,다양한 방법 스프링 mvc,2,다양한방법스프링mvc
961,리버스쿨 level3 안드로이드,2,리버스쿨level3안드로이드
1013,마스터 하고 싶습니다,2,마스터하고싶습니다
959,리버스쿨 level2 리버싱 분석,2,리버스쿨level2리버싱분석
957,리버스쿨 level1 리버싱 분석 초급과정 리버스쿨,2,리버스쿨level1리버싱분석
1499,야곰의 ios 프로그래밍 ios12,2,야곰의ios프로그래밍ios12
1189,번에 flutter 중급,2,번에flutter중급
1187,백엔드 개발자 취업 로드맵,2,백엔드개발자취업로드맵
816,누구나 있다 이모티콘,2,누구나있다이모티콘
958,리버스쿨 level2 리버싱,2,리버스쿨level2리버싱
900,딥러닝 deep reinforcement learning 파이썬,2,딥러닝deepreinforcementlearning
902,딥러닝 강좌 입니다,2,딥러닝강좌입니다
906,딥러닝 기본적인 머신러닝과 딥러닝 강좌 입니다,2,딥러닝기본적인머신러닝과딥러닝
922,따라하며 배우는 리눅스,2,따라하며배우는리눅스
923,따라하며 배우는 리눅스 시스템,2,따라하며배우는리눅스시스템
930,따라하며 배우는 홍정모의 따라하며 배우는 홍정모의,2,따라하며배우는따라하며배우는
940,로드맵 트위터 클론앱,2,로드맵트위터클론앱
941,로드맵 트위터 클론앱 만들기,2,로드맵트위터클론앱만들기
942,리눅스 ipc 프로그래밍,2,리눅스ipc프로그래밍
943,리눅스 ipc 프로그래밍 이론과,2,리눅스ipc프로그래밍이론과
950,리눅스다 저자의 red,2,리눅스다저자의red
951,리눅스다 저자의 red hat,2,리눅스다저자의redhat
196,ipc 프로그래밍 이론과 실습,2,ipc프로그래밍이론과실습
596,개념과 활용 스프링 시큐리티,2,개념과활용스프링시큐리티
190,ios11 아이폰 ios 개발,2,ios11아이폰ios개발
2238,하는 텍스트마이닝 top keyword부터,2,하는텍스트마이닝topkeyword부터
2114,파이썬으로 장고 django 공략하기,2,파이썬으로장고django공략하기
2261,해서 좋은 개발자가,2,해서좋은개발자가
2131,파이어베이스를 활용한 메신져 만들기,2,파이어베이스를활용한메신져만들기
2133,파이참 pycharm 핵심,2,파이참pycharm핵심
2259,합니다 파이썬 머신러닝 완벽,2,합니다파이썬머신러닝완벽
2243,하울의 코틀린 안드로이드,2,하울의코틀린안드로이드
2145,페이스북 퍼포먼스 마케팅,2,페이스북퍼포먼스마케팅
1886,제작 android kotlin,2,제작androidkotlin
2237,하는 텍스트마이닝 top,2,하는텍스트마이닝top
1765,있는 강의 딥러닝 완전정복,2,있는강의딥러닝완전정복
2236,하는 크롤링 입문편,2,하는크롤링입문편
1757,입문부터 서비스 개발까지,2,입문부터서비스개발까지
1746,입문 스프링 프레임워크 핵심,2,입문스프링프레임워크핵심
2249,함수형 프로그래밍과 es6,2,함수형프로그래밍과es6
1883,제대로 알아보기 초급 자바스크립트,2,제대로알아보기초급자바스크립트
1745,입문 스프링 프레임워크,2,입문스프링프레임워크
1742,입문 공공데이터로 파이썬 데이터,2,입문공공데이터로파이썬데이터
1899,조작하는 다양한 방법 스프링,2,조작하는다양한방법스프링
1865,저자의 red hat,2,저자의redhat
1764,있는 강의 딥러닝,2,있는강의딥러닝
2252,함수형 프로그래밍과 자바스크립트 es6 _유인동,2,함수형프로그래밍과자바스크립트es6
1729,인프런에서 좋은 강의를,2,인프런에서좋은강의를
2125,파이썬을 활용한 선형대수학,2,파이썬을활용한선형대수학
2124,파이썬을 활용한 데이터분석과 it보안,2,파이썬을활용한데이터분석과it보안
2228,프리다를 이용한 모의해킹,2,프리다를이용한모의해킹
1731,일러스트레이터 입문부터 실전까지,2,일러스트레이터입문부터실전까지
1866,저자의 red hat centos7,2,저자의redhatcentos7
2123,파이썬을 활용한 데이터분석과,2,파이썬을활용한데이터분석과
1730,인프런을 통해 올해,2,인프런을통해올해
2152,풀스택 로드맵 트위터,2,풀스택로드맵트위터
1728,인프런에서 들으면서 목표를,2,인프런에서들으면서목표를
1913,지금 당장 성과내기 페이스북,2,지금당장성과내기페이스북
1725,인프런 강의명 함수형 프로그래밍과,2,인프런강의명함수형프로그래밍과
1680,이용한 안드로이드 모의해킹,2,이용한안드로이드모의해킹
1724,인프런 강의명 함수형,2,인프런강의명함수형
2120,파이썬을 이용한 크롤링 web,2,파이썬을이용한크롤링web
2119,파이썬을 이용한 크롤링,2,파이썬을이용한크롤링
2266,해킹 대회를 위한,2,해킹대회를위한
1912,지금 당장 성과내기,2,지금당장성과내기
1721,인프런 강의명 프로그래밍 시작하기,2,인프런강의명프로그래밍시작하기
2231,하는 것이 목표입니다,2,하는것이목표입니다
1902,주는 엑셀 quick,2,주는엑셀quick
189,ios11 아이폰 ios,2,ios11아이폰ios
1774,있습니다 열심히 공부해서,2,있습니다열심히공부해서
1943,초심자를 위한 리액트 핵심 강좌 tdd,2,초심자를위한리액트핵심
1945,추출 입문부터 실습까지,2,추출입문부터실습까지
1773,있다 이모티콘 만들기,2,있다이모티콘만들기
2225,프리다 frida 이용한,2,프리다frida이용한
2222,프론트엔드 영역 자유롭게 구사하는,2,프론트엔드영역자유롭게구사하는
1856,자유롭게 구사하는 기술 보유하여,2,자유롭게구사하는기술보유하여
2221,프론트엔드 영역 자유롭게,2,프론트엔드영역자유롭게
1855,자유롭게 구사하는 기술,2,자유롭게구사하는기술
1683,이용한 크롤링 web crawling,2,이용한크롤링webcrawling
1772,있는 한해가 되었으면,2,있는한해가되었으면
1682,이용한 크롤링 web,2,이용한크롤링web
2106,파이썬 텍스트 분석과,2,파이썬텍스트분석과
1932,초급과정 리버스쿨 level2 리버싱,2,초급과정리버스쿨level2리버싱
1717,인프런 강의명 파이썬 알고리즘,2,인프런강의명파이썬알고리즘
2109,파이썬 프로그래밍 완벽,2,파이썬프로그래밍완벽
1767,있는 사람이 되겠습니다,2,있는사람이되겠습니다
2113,파이썬으로 장고 django,2,파이썬으로장고django
1715,인프런 강의명 자바,2,인프런강의명자바
2226,프리다 frida 이용한 안드로이드,2,프리다frida이용한안드로이드
2091,파이썬 알고리즘 문제풀이 코딩테스트 대비 제주코딩베이스캠프,2,파이썬알고리즘문제풀이코딩테스트
1741,입문 공공데이터로 파이썬,2,입문공공데이터로파이썬
2271,해킹 프로토스타 완벽 풀이집,2,해킹프로토스타완벽풀이집
1903,주는 엑셀 quick start,2,주는엑셀quickstart
2149,포렌식 전문가 과정,2,포렌식전문가과정
2230,하나 firebase의 모든것,2,하나firebase의모든것
2229,하고 있는데 올해는,2,하고있는데올해는
2134,파이참 pycharm 핵심 가이드,2,파이참pycharm핵심가이드
2258,합니다 파이썬 머신러닝,2,합니다파이썬머신러닝
1766,있는 강의 스프링,2,있는강의스프링
2270,해킹 프로토스타 완벽,2,해킹프로토스타완벽
2107,파이썬 텍스트 분석과 자연어,2,파이썬텍스트분석과자연어
2094,파이썬 입문 공공데이터로,2,파이썬입문공공데이터로
1699,인터렉티브 개발 제대로 시작하기,2,인터렉티브개발제대로시작하기
1698,인터렉티브 개발 제대로,2,인터렉티브개발제대로
1860,장고 django 공략하기 입문,2,장고django공략하기입문
1859,장고 django 공략하기,2,장고django공략하기
2103,파이썬 크롤링으로 데이터 추출,2,파이썬크롤링으로데이터추출
2102,파이썬 크롤링으로 데이터,2,파이썬크롤링으로데이터
1771,있는 풀스택 개발자가,2,있는풀스택개발자가
2095,파이썬 입문 공공데이터로 파이썬,2,파이썬입문공공데이터로파이썬
2130,파이어베이스를 활용한 메신져,2,파이어베이스를활용한메신져
2153,풀스택 로드맵 트위터 클론앱,2,풀스택로드맵트위터클론앱
1953,취업을 위한 신입 자바 자바,2,취업을위한신입자바
1752,입문 안드로이드 ios 개발을 번에 flutter,2,입문안드로이드ios개발을
1664,유료로 웹서비스 구축,2,유료로웹서비스구축
2214,프로젝트 파이썬 머신러닝,2,프로젝트파이썬머신러닝
1963,취업을 하고 싶습니다,2,취업을하고싶습니다
1676,이번 방학동안 부족했던,2,이번방학동안부족했던
1611,위한 딥러닝 deep reinforcement learning 파이썬,2,위한딥러닝deepreinforcement
2058,파이썬 데이터시각화 분석 실전 프로젝트 파이썬,2,파이썬데이터시각화분석실전
1665,유료로 웹서비스 구축 하나,2,유료로웹서비스구축하나
1832,자바스크립트 개발을 위한 es6 강좌 생활코딩,2,자바스크립트개발을위한es6
1800,자바 자바 개발자,2,자바자바개발자
2167,프레임워크 renewal ver,2,프레임워크renewalver
1821,자바스크립트 es6 제대로 알아보기 초급 자바스크립트,2,자바스크립트es6제대로알아보기
1623,위한 시스템 해킹,2,위한시스템해킹
2022,텍스트마이닝 top keyword부터 감성분석까지,2,텍스트마이닝topkeyword부터감성분석까지
1996,크롤링으로 데이터 추출,2,크롤링으로데이터추출
2021,텍스트마이닝 top keyword부터,2,텍스트마이닝topkeyword부터
1997,크롤링으로 데이터 추출 입문부터,2,크롤링으로데이터추출입문부터
2020,텍스트 분석과 자연어 처리,2,텍스트분석과자연어처리
1618,위한 리액트 핵심 강좌 tdd,2,위한리액트핵심강좌
1669,이것이 리눅스다 저자의,2,이것이리눅스다저자의
1968,코드를 조작하는 다양한 방법 스프링,2,코드를조작하는다양한방법
1689,이해와 객체지향 프로그래밍,2,이해와객체지향프로그래밍
1795,자바 스프링 프레임워크강좌,2,자바스프링프레임워크강좌
1843,자바스크립트 풀스택 로드맵,2,자바스크립트풀스택로드맵
1651,윈도우 악성코드 malware 분석,2,윈도우악성코드malware분석
2215,프로젝트 파이썬 머신러닝 완벽,2,프로젝트파이썬머신러닝완벽
2202,프로그래밍과 자바스크립트 es6 _유인동,2,프로그래밍과자바스크립트es6_유인동
1677,이번 방학동안 부족했던 부분을,2,이번방학동안부족했던부분을
2168,프레임워크 renewal ver 신입,2,프레임워크renewalver신입
2045,트위터 클론앱 만들기,2,트위터클론앱만들기
1650,윈도우 악성코드 malware,2,윈도우악성코드malware
1783,자바 개발자 로드맵,2,자바개발자로드맵
1827,자바스크립트 vue js,2,자바스크립트vuejs
1799,자바 애플리케이션을 테스트하는 다양한 방법 스프링,2,자바애플리케이션을테스트하는다양한
1782,자바 spring jpa,2,자바springjpa
2219,프로토스타 완벽 풀이집,2,프로토스타완벽풀이집
1670,이것이 리눅스다 저자의 red,2,이것이리눅스다저자의red
2047,파이썬 관련 강의들,2,파이썬관련강의들
1792,자바 스프링 프레임워크 renewal,2,자바스프링프레임워크renewal
1844,자바스크립트 풀스택 로드맵 트위터,2,자바스크립트풀스택로드맵트위터
2288,핵심 기술 자바,2,핵심기술자바
2019,텍스트 분석과 자연어,2,텍스트분석과자연어
1806,자바 클래스의 이해와,2,자바클래스의이해와
2017,테스트하는 다양한 방법 스프링,2,테스트하는다양한방법스프링
2031,통찰력을 주는 엑셀,2,통찰력을주는엑셀
2072,파이썬 머신러닝 완벽 가이드 권철민,2,파이썬머신러닝완벽가이드
2293,현직 개발자 입니다 올해는,2,현직개발자입니다올해는
1641,위한 자바 스프링 프레임워크강좌,2,위한자바스프링프레임워크강좌
1640,위한 자바 스프링,2,위한자바스프링
2034,통한 파이썬 텍스트,2,통한파이썬텍스트
2177,프로그래밍 ios12 개발,2,프로그래밍ios12개발
1990,크롤링 web crawling 어플리케이션,2,크롤링webcrawling어플리케이션
2032,통찰력을 주는 엑셀 quick,2,통찰력을주는엑셀quick
1975,코딩의민족 제작 android,2,코딩의민족제작android
2003,클래스의 이해와 객체지향,2,클래스의이해와객체지향
1976,코딩의민족 제작 android kotlin,2,코딩의민족제작androidkotlin
1977,코딩테스트 대비 제주코딩베이스캠프,2,코딩테스트대비제주코딩베이스캠프
1978,코딩테스트 대비 제주코딩베이스캠프 code,2,코딩테스트대비제주코딩베이스캠프code
1628,위한 신입 자바 자바,2,위한신입자바자바
2178,프로그래밍 ios12 개발 퍼펙트,2,프로그래밍ios12개발퍼펙트
1805,자바 코드를 조작하는 다양한 방법 스프링,2,자바코드를조작하는다양한
1989,크롤링 web crawling,2,크롤링webcrawling
2035,통한 파이썬 텍스트 분석과,2,통한파이썬텍스트분석과
1801,자바 자바 개발자 로드맵,2,자바자바개발자로드맵
2292,현직 개발자 입니다,2,현직개발자입니다
2291,현업에 대한 이야기,2,현업에대한이야기
1644,위한 프로그래밍 파이썬,2,위한프로그래밍파이썬
2004,클래스의 이해와 객체지향 프로그래밍,2,클래스의이해와객체지향프로그래밍
1815,자바스크립트 es6 _유인동,2,자바스크립트es6_유인동
2197,프로그래밍 파이썬 중급,2,프로그래밍파이썬중급
2188,프로그래밍 시작하기 파이썬 입문 공공데이터로,2,프로그래밍시작하기파이썬입문
1807,자바 클래스의 이해와 객체지향,2,자바클래스의이해와객체지향
2191,프로그래밍 완벽 이해,2,프로그래밍완벽이해
2007,클레이튼 블록체인 어플리케이션 만들기 토큰,2,클레이튼블록체인어플리케이션만들기
2327,활용한 데이터분석과 it보안,2,활용한데이터분석과it보안
2330,활용한 메신져 만들기,2,활용한메신져만들기
2331,활용한 메신져 만들기 android,2,활용한메신져만들기android
2332,활용한 파이썬 프로그래밍,2,활용한파이썬프로그래밍
2190,프로그래밍 언어 재정비,2,프로그래밍언어재정비
1624,위한 시스템 해킹 프로토스타,2,위한시스템해킹프로토스타
2023,텐서플로2 파이썬 딥러닝,2,텐서플로2파이썬딥러닝
2024,텐서플로2 파이썬 딥러닝 완전정복,2,텐서플로2파이썬딥러닝완전정복
2175,프레임워크 핵심 기술 자바,2,프레임워크핵심기술자바
1645,위한 프로그래밍 파이썬 중급,2,위한프로그래밍파이썬중급
1713,인프런 강의명 리눅스,2,인프런강의명리눅스
1710,인프런 강의명 vue js,2,인프런강의명vuejs
2273,해킹과 모의해킹 현업에,2,해킹과모의해킹현업에
603,개발 관련 강의,2,개발관련강의
782,김영한님의 jpa 시리즈,2,김영한님의jpa시리즈
783,김영한님의 실전 querydsl,2,김영한님의실전querydsl
691,관심강좌 자바 orm 표준,2,관심강좌자바orm표준
690,관심강좌 자바 orm,2,관심강좌자바orm
689,관심강좌 실전 스프링,2,관심강좌실전스프링
686,관심 있는 강의 스프링,2,관심있는강의스프링
598,개발 swift4 ios11,2,개발swift4ios11
599,개발 swift4 ios11 입문,2,개발swift4ios11입문
608,개발 스프링 데이터,2,개발스프링데이터
774,기술 보유하여 스스로의 웹페이지를,2,기술보유하여스스로의웹페이지를
609,개발 스프링 데이터 jpa,2,개발스프링데이터jpa
626,개발을 번에 flutter,2,개발을번에flutter
627,개발을 번에 flutter 중급,2,개발을번에flutter중급
632,개발을 위한 es6 강좌 생활코딩,2,개발을위한es6강좌
637,개발자 입니다 올해는,2,개발자입니다올해는
638,개발자 취업 로드맵,2,개발자취업로드맵
640,개발자가 되고 싶어요,2,개발자가되고싶어요
641,개발자가 되는 것을,2,개발자가되는것을
781,기초를 다지고 싶습니다,2,기초를다지고싶습니다
773,기술 보유하여 스스로의,2,기술보유하여스스로의
700,관심분야 파이썬 머신러닝 완벽,2,관심분야파이썬머신러닝완벽
725,관심있는 인프런 강의명 리눅스,2,관심있는인프런강의명리눅스
705,관심있는 강의 파이썬 머신러닝,2,관심있는강의파이썬머신러닝
708,관심있는 강의 파이썬 알고리즘,2,관심있는강의파이썬알고리즘
710,관심있는 강의명 백기선님의,2,관심있는강의명백기선님의
711,관심있는 강의명 백기선님의 스프링,2,관심있는강의명백기선님의스프링
714,관심있는 인프런 강의는,2,관심있는인프런강의는
716,관심있는 인프런 강의명 flutter,2,관심있는인프런강의명flutter
719,관심있는 인프런 강의명 opencv,2,관심있는인프런강의명opencv
722,관심있는 인프런 강의명 vue,2,관심있는인프런강의명vue
727,관심있는 인프런 강의명 자바,2,관심있는인프런강의명자바
772,기본적인 머신러닝과 딥러닝 강좌 입니다,2,기본적인머신러닝과딥러닝강좌
732,관심있는 인프런 강의명 프로그래밍 시작하기,2,관심있는인프런강의명프로그래밍
734,관심있는 인프런 강의명 함수형,2,관심있는인프런강의명함수형
739,구사하는 기술 보유하여,2,구사하는기술보유하여
740,구사하는 기술 보유하여 스스로의,2,구사하는기술보유하여스스로의
743,구축 하나 firebase의,2,구축하나firebase의
744,구축 하나 firebase의 모든것,2,구축하나firebase의모든것
745,구현하는 블록체인 이더리움,2,구현하는블록체인이더리움
757,기반 rest api 개발 스프링 데이터,2,기반restapi개발
642,개발자가 되는 것을 목표로,2,개발자가되는것을목표로
643,것이 목표입니다 관심,2,것이목표입니다관심
644,것이 목표입니다 관심 있는,2,것이목표입니다관심있는
209,jpa spring boot,2,jpaspringboot
130,express를 이용한 어플리케이션,2,express를이용한어플리케이션
131,express를 이용한 어플리케이션 개발하기,2,express를이용한어플리케이션개발하기
134,flutter 인스타그램 클론,2,flutter인스타그램클론
142,frida 이용한 안드로이드,2,frida이용한안드로이드
143,frida 이용한 안드로이드 모의해킹,2,frida이용한안드로이드모의해킹
151,hat centos7 리눅스,2,hatcentos7리눅스
152,hat centos7 리눅스 서버,2,hatcentos7리눅스서버
161,imdb 영화리뷰 감정,2,imdb영화리뷰감정
162,imdb 영화리뷰 감정 분석을,2,imdb영화리뷰감정분석을
659,게임을 활용한 파이썬,2,게임을활용한파이썬
166,inflearn com course flutter,2,inflearncomcourseflutter
167,intellij를 시작하시는 분들을,2,intellij를시작하시는분들을
168,intellij를 시작하시는 분들을 위한,2,intellij를시작하시는분들을위한
175,ios 개발 강좌,2,ios개발강좌
177,ios 개발을 번에 flutter,2,ios개발을번에flutter
184,ios 아이폰 개발,2,ios아이폰개발
185,ios 프로그래밍 ios12,2,ios프로그래밍ios12
186,ios 프로그래밍 ios12 개발,2,ios프로그래밍ios12개발
129,express 이용한 어플리케이션 개발하기,2,express이용한어플리케이션개발하기
128,express 이용한 어플리케이션,2,express이용한어플리케이션
122,es6 제대로 알아보기 초급 자바스크립트,2,es6제대로알아보기초급
118,es6 강좌 생활코딩 리액트,2,es6강좌생활코딩리액트
660,게임을 활용한 파이썬 프로그래밍,2,게임을활용한파이썬프로그래밍
663,견고한js 소프트웨어 만들기,2,견고한js소프트웨어만들기
667,공부 목표 올해는,2,공부목표올해는
668,공부 목표 파이썬,2,공부목표파이썬
669,공부 목표 프론트엔드,2,공부목표프론트엔드
670,공부 목표 프론트엔드 영역,2,공부목표프론트엔드영역
674,공부 열심히 해서,2,공부열심히해서
675,공부를 열심히 해볼,2,공부를열심히해볼
680,관련 강의를 인프런에서,2,관련강의를인프런에서
681,관련 강의를 인프런에서 들으면서,2,관련강의를인프런에서들으면서
684,관심 있는 강의 딥러닝,2,관심있는강의딥러닝
414,swift4 ios11 입문,2,swift4ios11입문
411,swift4 ios11 아이폰 ios,2,swift4ios11아이폰ios
410,swift4 ios11 아이폰,2,swift4ios11아이폰
160,https www inflearn com course flutter,2,httpswwwinflearncom
115,es6 vuex vue js 완벽,2,es6vuexvuejs
117,es6 강좌 생활코딩,2,es6강좌생활코딩
703,관심있는 강의 스프링 시큐리티,2,관심있는강의스프링시큐리티
699,관심분야 파이썬 머신러닝,2,관심분야파이썬머신러닝
1709,인프런 강의명 vue,2,인프런강의명vue
543,강의명 flutter 입문 안드로이드,2,강의명flutter입문안드로이드
534,강의 파이썬 알고리즘 문제풀이,2,강의파이썬알고리즘문제풀이
535,강의 함수형 프로그래밍과,2,강의함수형프로그래밍과
536,강의 함수형 프로그래밍과 자바스크립트,2,강의함수형프로그래밍과자바스크립트
538,강의는 1월 중순,2,강의는1월중순
539,강의를 듣고 싶습니다,2,강의를듣고싶습니다
540,강의를 인프런에서 들으면서,2,강의를인프런에서들으면서
541,강의를 인프런에서 들으면서 목표를,2,강의를인프런에서들으면서목표를
542,강의명 flutter 입문,2,강의명flutter입문
546,강의명 opencv 파이썬,2,강의명opencv파이썬
531,강의 파이썬 머신러닝 완벽,2,강의파이썬머신러닝완벽
547,강의명 opencv 파이썬 딥러닝,2,강의명opencv파이썬딥러닝
551,강의명 vue js 완벽,2,강의명vuejs완벽
528,강의 스프링 시큐리티,2,강의스프링시큐리티
554,강의명 백기선님의 스프링,2,강의명백기선님의스프링
555,강의명 백기선님의 스프링 시큐리티,2,강의명백기선님의스프링시큐리티
556,강의명 파이썬 알고리즘,2,강의명파이썬알고리즘
557,강의명 파이썬 알고리즘 문제풀이,2,강의명파이썬알고리즘문제풀이
560,강의명 프로그래밍 시작하기,2,강의명프로그래밍시작하기
533,강의 파이썬 알고리즘,2,강의파이썬알고리즘
550,강의명 vue js,2,강의명vuejs
729,관심있는 인프런 강의명 파이썬 알고리즘,2,관심있는인프런강의명파이썬
2274,해킹과 모의해킹 현업에 대한,2,해킹과모의해킹현업에대한
1706,인프런 강의명 opencv 파이썬,2,인프런강의명opencv파이썬
1705,인프런 강의명 opencv,2,인프런강의명opencv
1702,인프런 강의명 flutter 입문,2,인프런강의명flutter입문
2155,풀스택개발 boot camp,2,풀스택개발bootcamp
2156,풀스택개발 boot camp 입문부터,2,풀스택개발bootcamp입문부터
1927,초급 자바스크립트 es6,2,초급자바스크립트es6
1928,초급 자바스크립트 es6 제대로,2,초급자바스크립트es6제대로
1769,있는 안드로이드 개발 kotlin,2,있는안드로이드개발kotlin
1931,초급과정 리버스쿨 level2,2,초급과정리버스쿨level2
1605,위한 intellij 가이드,2,위한intellij가이드
2276,핵심 강좌 tdd,2,핵심강좌tdd
1701,인프런 강의명 flutter,2,인프런강의명flutter
1700,인프런 강의를 통해서,2,인프런강의를통해서
2277,핵심 강좌 tdd 개발,2,핵심강좌tdd개발
2280,핵심 강좌 리액트,2,핵심강좌리액트
2110,파이썬 프로그래밍 완벽 이해,2,파이썬프로그래밍완벽이해
2267,해킹 대회를 위한 시스템,2,해킹대회를위한시스템
0,12개 만들면서 배우는,2,12개만들면서배우는
561,강의명 프로그래밍 시작하기 파이썬,2,강의명프로그래밍시작하기파이썬
567,강의명 홍정모의 따라하며,2,강의명따라하며
568,강의명 홍정모의 따라하며 배우는,2,강의명따라하며배우는
509,가이드 신청완료 vue로,2,가이드신청완료vue로
498,web crawling 어플리케이션,2,webcrawling어플리케이션
524,강의 리액트로 nodebird,2,강의리액트로nodebird
499,web crawling 어플리케이션 만들기,2,webcrawling어플리케이션만들기
500,with vue 실전,2,withvue실전
501,with vue 실전 프로젝트,2,withvue실전프로젝트
506,www inflearn com course flutter,2,wwwinflearncomcourse
507,가면서 배우는 자바,2,가면서배우는자바
508,가면서 배우는 자바 플레이그라운드,2,가면서배우는자바플레이그라운드
510,가이드 신청완료 vue로 nodebird,2,가이드신청완료vue로nodebird
569,강좌 12개 만들면서,2,강좌12개만들면서
516,가이드 케라스 인공지능의,2,가이드케라스인공지능의
517,가이드 케라스 인공지능의 공용어,2,가이드케라스인공지능의공용어
519,감정 분석을 통한,2,감정분석을통한
520,감정 분석을 통한 파이썬,2,감정분석을통한파이썬
523,강의 딥러닝 완전정복,2,강의딥러닝완전정복
582,강좌 vue js 완벽,2,강좌vuejs완벽
584,강좌 기획부터 사용까지,2,강좌기획부터사용까지
585,강좌 생활코딩 리액트,2,강좌생활코딩리액트
489,vuex vue js 완벽,2,vuexvuejs완벽
483,vue 실전 프로젝트,2,vue실전프로젝트
482,vue 관련강의 다수,2,vue관련강의다수
472,vue js 완벽 가이드 신청완료,2,vuejs완벽가이드
570,강좌 12개 만들면서 배우는,2,강좌12개만들면서배우는
577,강좌 tdd 개발,2,강좌tdd개발
578,강좌 tdd 개발 방법론을,2,강좌tdd개발방법론을
581,강좌 vue js,2,강좌vuejs
529,강의 스프링 프레임워크,2,강의스프링프레임워크
525,강의 리액트로 nodebird sns,2,강의리액트로nodebirdsns
1603,위한 es6 강좌 생활코딩,2,위한es6강좌생활코딩
497,vue로 nodebird sns 만들기 신청완료,2,vue로nodebirdsns만들기
416,swiftui 개념 익히기,2,swiftui개념익히기
425,top keyword부터 감성분석까지,2,topkeyword부터감성분석까지
429,typescript with vue,2,typescriptwithvue
430,typescript with vue 실전,2,typescriptwithvue실전
443,vs mobx 배우자,2,vsmobx배우자
451,vue js jpa,2,vuejsjpa
456,vue js 강의를,2,vuejs강의를
458,vue js 관련 강의들을,2,vuejs관련강의들을
459,vue js 관련 강의를,2,vuejs관련강의를
2333,활용한 파이썬 프로그래밍 완벽,2,활용한파이썬프로그래밍완벽
